dataset,model,class,hypothesis_id,selection_rule,selected,observation_count,duration_s,support_mean,normal_std_deg,offset_std_m,cx,cy,nx,ny,d,length,latest_state,ever_strong
walls_pillars_3,InGraph,wall_like,1,ever_strong,True,163,37.80573558807373,720.1779141104295,0.4650340387961372,0.0177560054113601,1.270113524,2.203195147,0.5729129749333655,0.819616204789169,-2.533834406392465,6.804582596,stale,True
walls_pillars_3,InGraph,wall_like,2,ever_strong,True,252,52.20269560813904,937.8293650793651,0.47115487102705894,0.11155811789226695,-2.291581315,-10.573273825,0.8243449982723098,-0.566087735093621,-4.096487577491634,10.161934853,stale,True
walls_pillars_3,InGraph,wall_like,3,ever_strong,True,88,20.600805521011353,175.02272727272728,0.46428954293232366,0.08764274426421904,-3.093264277,-11.593214697,0.7878925404260835,-0.6158127513627274,-4.704406996459487,1.559633255,stale,True
walls_pillars_3,InGraph,pillar_like,4,ever_strong,True,73,23.603795528411865,73.98630136986301,12.761486698054851,138.1631784401492,4.592623429,-0.3039418,0.559801976164672,-0.8286264221482007,-204.11411604632832,1.0,stale,True
walls_pillars_3,InGraph,pipe_like,5,ever_strong,True,88,22.80279564857483,10.170454545454545,12.165358869836895,5.662427027043874,1.220029968,0.548629594,0.3473942246499548,0.9377191758089715,-8.623975368447269,1.0,stale,True
walls_pillars_3,InGraph,pillar_like,6,ever_strong,True,147,36.998735666275024,91.1360544217687,19.551921872884474,300.9755413644272,0.97779629,-4.909742029,0.3241572140591866,0.9460032243990432,227.61241827435725,1.0,stale,True
walls_pillars_3,InGraph,pillar_like,7,ever_strong,True,66,25.178785800933838,66.95454545454545,16.047637185629142,137.15064007559837,-0.534262529,2.969684748,0.9061579111910734,-0.42293952284674335,63.667038983301715,1.0,stale,True
walls_pillars_3,InGraph,pillar_like,8,ever_strong,True,93,23.000795602798462,96.08602150537635,8.724837596420274,166.74831436778683,-5.397151313,-4.070321566,0.6254345372279265,-0.7802766430199545,19.74982447274281,1.0,stale,True
walls_pillars_3,InGraph,pipe_like,9,ever_strong,False,3,15.623825550079346,14.333333333333334,31.33950886328178,594.7351974680539,-0.959618387,-4.922546986,0.8851448379390814,-0.4653156088826134,-145.28002512999424,1.0,weak_tracked,False
walls_pillars_3,InGraph,wall_like,10,ever_strong,False,5,4.976870775222778,521.2,0.5365298379171797,0.02998644549700907,0.673107971,2.594181898,0.5433588092902746,0.839500568413539,-2.562477600855352,12.141163826,weak_tracked,False
walls_pillars_3,InGraph,wall_like,11,ever_strong,False,1,0.0,175.0,0.0,0.0,2.958114804,0.887868221,0.5763274579351665,0.8172188576079169,-2.4353160661860977,1.691877365,candidate,False
walls_pillars_3,InGraph,pipe_like,12,ever_strong,False,1,0.0,11.0,0.0,0.0,-0.250070449,-3.831690473,0.5412368052530425,-0.8408702162875554,-30.784484539079422,1.0,candidate,False
walls_pillars_3,InGraph,pipe_like,13,ever_strong,False,2,4.817870855331421,14.5,0.0,2.763442375766111,3.382051283,-1.874205477,0.8516502215340026,0.5241105800888628,-30.904510385950275,1.0,weak_tracked,False
walls_pillars_3,InGraph,wall_like,14,ever_strong,False,2,1.802994966506958,258.0,2.7185758398994893e-12,0.013168268450907692,-3.099965191,-0.290206682,0.8238912764855985,-0.5667478844521002,2.389601404358432,4.384124756,weak_tracked,False
walls_pillars_3,InGraph,wall_like,15,ever_strong,False,1,0.0,412.0,0.0,0.0,-0.175010675,-7.765732043,0.8194717617167819,-0.5731195614780512,-4.307615931627522,5.169234276,candidate,False
walls_pillars_3,InGraph,wall_like,16,ever_strong,False,1,0.0,453.0,0.0,0.0,-0.164624626,-7.697659375,0.815318578327678,-0.5790126214805115,-4.323311207468691,5.240606785,candidate,False
walls_pillars_3,InGraph,wall_like,17,ever_strong,False,1,0.0,417.0,0.0,0.0,-0.258502704,-7.931060925,0.8220219252731589,-0.5694558405795918,-4.30417358922295,5.255001545,candidate,False
walls_pillars_3,InGraph,pillar_like,18,ever_strong,False,1,0.0,30.0,0.0,0.0,-1.030501727,-4.828272834,0.45727767280923437,0.8893239735609125,275.8734653841215,1.0,candidate,False
walls_pillars_3,InGraph,wall_like,19,ever_strong,False,1,0.0,483.0,0.0,0.0,-0.149365414,-7.707096722,0.8172131285239967,-0.5763355815564588,-4.320410405895981,5.345614433,candidate,False
walls_pillars_3,InGraph,wall_like,21,ever_strong,False,1,0.0,487.0,0.0,0.0,-0.112735439,-7.705025627,0.8219806095563713,-0.5695154760964238,-4.296597877019594,5.389132023,candidate,False
walls_pillars_3,InGraph,wall_like,22,ever_strong,False,2,9.60595989227295,313.0,3.804334027390787e-13,0.12174222625465729,-0.504197188,-8.19444638,0.8040558870342113,-0.5945537238346319,-4.552795765439628,5.575423241,weak_tracked,False
walls_pillars_3,InGraph,wall_like,23,ever_strong,True,37,8.219964742660522,54.37837837837838,0.16836878327025198,0.013464166690786789,-7.34481333,8.24471156,0.5697117509026278,0.8218445843853096,-2.591465829439487,2.16382885,stale,True
walls_pillars_3,InGraph,pillar_like,24,ever_strong,True,136,31.799880027770996,107.76470588235294,16.21642763464594,291.22418350285085,-2.432380684,-10.026019778,0.8804060219560491,-0.4742206622486251,-146.30204646312993,1.0,stale,True
walls_pillars_3,InGraph,wall_like,25,ever_strong,False,1,0.0,162.0,0.0,0.0,-2.925668662,0.007344034,0.8389722448367164,-0.5441742114375145,2.5053858855096367,5.169992447,candidate,False
walls_pillars_3,InGraph,wall_like,26,ever_strong,False,1,0.0,256.0,0.0,0.0,-9.413453574,1.645602144,0.8223640527182301,-0.5689616549442045,8.683466408551324,11.130592346,candidate,False
walls_pillars_3,InGraph,wall_like,27,ever_strong,False,1,0.0,76.0,0.0,0.0,-0.157658811,-7.460279272,0.8095883128304483,-0.5869980951658601,-4.2536239706620735,1.023296833,candidate,False
walls_pillars_3,InGraph,wall_like,28,ever_strong,False,1,0.0,70.0,0.0,0.0,4.46557965,-1.30468889,0.8157480540571908,-0.5784073930214814,-4.399692440329967,1.476009369,candidate,False
walls_pillars_3,InGraph,wall_like,30,ever_strong,False,2,0.6179947853088379,155.0,9.864890917910158e-13,0.0014347544793060435,3.466121586,-2.842308417,0.8089612526131368,-0.5878619665963981,-4.476568372433744,4.39531374,weak_tracked,False
walls_pillars_3,InGraph,wall_like,31,ever_strong,False,1,0.0,216.0,0.0,0.0,3.49281434,-2.939250888,0.8015126249803614,-0.5979778524302473,-4.558656004209336,4.494811058,candidate,False
walls_pillars_3,InGraph,pipe_like,32,ever_strong,False,1,0.0,13.0,0.0,0.0,-0.915487192,-5.003976676,0.36385699672400634,-0.9314548222726567,-59.66448525580485,1.0,candidate,False
walls_pillars_3,InGraph,wall_like,33,ever_strong,False,1,0.0,56.0,0.0,0.0,4.832059842,-0.556797461,0.6001189485030121,0.7999107748040647,-2.454447472765608,1.0,candidate,False
walls_pillars_3,InGraph,wall_like,34,ever_strong,False,1,0.0,334.0,0.0,0.0,3.649104033,-2.745513306,0.7999189648020576,-0.6001080317326244,-4.566602415711054,4.648173332,candidate,False
walls_pillars_3,InGraph,wall_like,35,ever_strong,False,1,0.0,129.0,0.0,0.0,3.522370492,-3.05791761,0.7916527402619712,-0.6109713077025074,-4.657364934597019,4.501583576,candidate,False
walls_pillars_3,InGraph,wall_like,36,ever_strong,True,20,3.9929850101470947,212.2,0.37067839061668023,0.11108361796731264,3.391889904,-2.51745924,0.8219878360908698,-0.569505045911491,-4.221814372276029,4.17986393,confirmed,True
walls_pillars_3,InGraph,wall_like,37,ever_strong,False,1,0.0,63.0,0.0,0.0,-4.213764492,-13.237225711,0.8081835660780795,-0.5889306610470526,-4.393836856081235,1.768332481,candidate,False
walls_pillars_3,InGraph,wall_like,38,ever_strong,False,3,12.821939706802368,176.66666666666666,0.9578408238373305,0.34871219617220434,-0.853756972,-8.589331426,0.8427841086034914,-0.5382517499139398,-3.9573638782026674,10.269032478,weak_tracked,False
walls_pillars_3,InGraph,wall_like,39,ever_strong,False,1,0.0,55.0,0.0,0.0,-0.044123013,-7.385947346,0.8068164321488569,-0.5908022044767512,-4.341994877181725,1.0,candidate,False
walls_pillars_3,InGraph,wall_like,40,ever_strong,False,3,4.595980167388916,251.0,0.3027969289878856,0.18009483280331884,-1.81485853,-9.980956289,0.8159527412479911,-0.5781186072510458,-4.290116811175796,8.747073174,weak_tracked,False
walls_pillars_3,InGraph,pillar_like,41,ever_strong,False,1,0.0,47.0,0.0,0.0,-5.212338718,-13.538273993,0.036626513213567025,-0.9993290241606196,-628.1885554540572,1.0,candidate,False
walls_pillars_3,InGraph,pillar_like,42,ever_strong,False,4,2.42399001121521,62.25,18.468935411025075,476.68922467773325,-5.59031222,-14.416573012,0.8769438827244076,-0.4805927866211065,-230.14701055014658,1.0,weak_tracked,False
walls_pillars_3,InGraph,wall_like,43,ever_strong,True,60,24.38091492652893,133.13333333333333,0.6384146123556693,0.08097134428326593,-7.997396026,-12.779651257,0.5726959650058169,0.8197678523009159,15.056833972255843,3.919583321,stale,True
walls_pillars_3,InGraph,pillar_like,44,ever_strong,True,118,29.38190007209778,72.39830508474576,26.667907083072382,199.1402983902875,-5.613007323,-3.955177724,0.7563072213811378,-0.6542166207661975,122.00314876804835,1.0,stale,True
walls_pillars_3,InGraph,wall_like,45,ever_strong,False,1,0.0,153.0,0.0,0.0,3.335647587,-2.66698368,0.8191318250860318,-0.5736053112822672,-4.262459678251641,3.366166115,candidate,False
walls_pillars_3,InGraph,wall_like,46,ever_strong,False,1,0.0,173.0,0.0,0.0,3.048711394,-3.108480408,0.8177094654264984,-0.5756311580794689,-4.282517835140904,3.090481758,candidate,False
walls_pillars_3,InGraph,wall_like,47,ever_strong,False,2,10.580955028533936,128.5,3.64860048164509e-12,0.08397665823983841,-8.79866347,2.71102458,0.8176303768165517,-0.5757434905466354,8.780778527639823,4.915220261,weak_tracked,False
walls_pillars_3,InGraph,wall_like,48,ever_strong,False,1,0.0,101.0,0.0,0.0,2.926833836,-3.390472825,0.8126583952116198,-0.5827403647355096,-4.354319572308355,2.861276627,candidate,False
walls_pillars_3,InGraph,wall_like,49,ever_strong,False,2,8.80196499824524,83.5,0.0,0.1901657507522624,-7.709339168,-13.001720667,0.5730045010639158,0.8195522202767148,15.076669987650742,3.811150551,weak_tracked,False
walls_pillars_3,InGraph,wall_like,50,ever_strong,False,1,0.0,213.0,0.0,0.0,-10.175059162,-11.327967354,0.5993066932134543,0.8005195109861811,15.267039370643474,3.07129097,candidate,False
walls_pillars_3,InGraph,wall_like,51,ever_strong,False,1,0.0,50.0,0.0,0.0,2.275062594,-4.208265836,0.8111146245624179,-0.5848872248741358,-4.306711435429062,1.147094727,candidate,False
walls_pillars_3,InGraph,pillar_like,52,ever_strong,True,145,35.198824882507324,71.51724137931035,13.864630302953314,182.34449456506542,-10.984191788,-0.127005387,0.8398656556621009,0.5427943260934747,393.2173472532245,1.0,stale,True
walls_pillars_3,InGraph,wall_like,53,ever_strong,True,211,65.37873005867004,483.14218009478674,0.4793386178357372,0.22390096669250614,-13.423070499,4.890266353,0.5740582244791594,0.8188144813740381,3.7014144355338003,5.416645527,stale,True
walls_pillars_3,InGraph,wall_like,54,ever_strong,False,3,20.999945163726807,165.33333333333334,0.44096897604998836,0.3099056382462883,-13.139777248,-3.227785589,0.8374983385073655,-0.5464398713467038,9.24102827407679,8.689748764,weak_tracked,False
walls_pillars_3,InGraph,wall_like,55,ever_strong,True,119,31.40384006500244,134.78151260504202,0.7348626219849628,0.18263611808874763,-17.090585037,-6.608577138,0.6001488452328569,0.7998883444366897,15.543530298347259,1.850043774,stale,True
walls_pillars_3,InGraph,pillar_like,56,ever_strong,True,150,36.200820207595825,72.28666666666666,13.593010726646094,466.8519303828551,-13.793325482,1.746204508,0.8237980885708025,0.5668833295018405,261.5632514260639,1.0,stale,True
walls_pillars_3,InGraph,pillar_like,57,ever_strong,False,1,0.0,75.0,0.0,0.0,-13.682278733,1.69029147,0.9769486150490786,-0.2134745969751138,1044.4295684504223,1.105942249,candidate,False
walls_pillars_3,InGraph,wall_like,58,ever_strong,False,1,0.0,58.0,0.0,0.0,-15.116747408,-7.83776105,0.6129119343364772,0.7901512265053557,15.766949668314146,1.791508794,candidate,False
walls_pillars_3,InGraph,wall_like,59,ever_strong,False,4,11.978969812393188,188.25,0.5285480387924417,0.15843335009639076,-11.574688417,4.68267657,0.8155519274384253,-0.5786838978677992,12.151534915041534,2.082036495,weak_tracked,False
walls_pillars_3,InGraph,wall_like,60,ever_strong,True,101,24.800860166549683,186.1881188118812,0.8847170836072032,0.23297439952273066,-20.380315292,-3.458083186,0.6250458037607802,0.7805880752362544,15.439911218636901,2.565503597,stale,True
walls_pillars_3,InGraph,wall_like,61,ever_strong,False,2,4.199984788894653,56.0,6.273696954065089e-13,0.07405575549566236,-23.814029493,-1.649231901,0.5719907894283563,0.8202600421873089,14.975371174512786,2.963729858,weak_tracked,False
walls_pillars_3,InGraph,pillar_like,62,ever_strong,False,3,3.599984884262085,35.0,41.23150732934429,455.1252756460475,-16.307825127,-4.898267203,0.26281850664866496,-0.9648452894443573,-33.896584594473524,1.0,weak_tracked,False
walls_pillars_3,InGraph,pillar_like,63,ever_strong,True,80,21.023865222930908,55.2125,23.863033978245003,487.371571170627,-14.981849664,-5.759033632,0.5542812071321024,0.832329468071496,476.41040321564356,1.0,stale,True
walls_pillars_3,InGraph,wall_like,64,ever_strong,False,2,9.37797498703003,125.0,0.0,0.036724593866613434,-18.150092805,-4.483446407,0.8038739100567057,-0.5947997450656342,11.923636199202514,2.412724972,weak_tracked,False
walls_pillars_3,InGraph,wall_like,65,ever_strong,False,4,3.1919898986816406,91.75,0.4833138679436464,0.23335194677643498,-23.748063088,-1.618627526,0.5740605263881481,0.8188128675362657,14.965919336759125,5.834342957,weak_tracked,False
walls_pillars_3,InGraph,pillar_like,66,ever_strong,False,3,2.5769898891448975,118.0,32.653422978995316,288.6128954403404,-15.568205213,-6.575885397,0.35874670375498685,-0.933434948212746,-68.23890682446738,1.024337053,weak_tracked,False
walls_pillars_3,InGraph,wall_like,67,ever_strong,False,1,0.0,66.0,0.0,0.0,-19.198678374,5.570206942,0.573488696925398,0.8192134730940459,6.454377462341741,4.007978439,candidate,False
walls_pillars_3,InGraph,pillar_like,68,ever_strong,False,1,0.0,113.0,0.0,0.0,-12.194426701,3.964906664,0.5200615485376241,-0.8541287875564483,880.9299948905041,1.0,candidate,False
walls_pillars_3,InGraph,wall_like,69,ever_strong,False,1,0.0,133.0,0.0,0.0,-22.045523062,-2.497807097,0.5738026373710277,0.8189936100764479,14.866643303678256,4.045787811,candidate,False
walls_pillars_3,InGraph,pillar_like,70,ever_strong,False,2,0.8039951324462891,53.0,7.944109290391274e-15,265.79570662758977,-13.346407178,4.814862979,0.9783826490422999,-0.20680278540912314,754.8179979916029,1.0,weak_tracked,False
walls_pillars_3,InGraph,wall_like,71,ever_strong,True,65,22.598865032196045,174.6769230769231,0.6936716434152747,0.23320154145538718,-22.537894274,-2.221310947,0.5074631833353853,0.8616734402075517,13.367715998962634,5.341156483,stale,True
walls_pillars_3,InGraph,wall_like,72,ever_strong,False,1,0.0,62.0,0.0,0.0,-7.412449783,5.374241733,0.8347103455097621,-0.5506892400428517,9.146913645301062,4.599125385,candidate,False
walls_pillars_3,InGraph,wall_like,73,ever_strong,False,1,0.0,52.0,0.0,0.0,-11.025515753,0.003452455,0.8982190910267082,-0.4395480229908379,9.904847834715142,1.0,candidate,False
walls_pillars_3,InGraph,pillar_like,74,ever_strong,False,1,0.0,34.0,0.0,0.0,-16.194324477,-4.950437086,0.9663549500298857,0.2572121897436762,973.9037312898809,1.045632124,candidate,False
walls_pillars_3,InGraph,pillar_like,75,ever_strong,False,1,0.0,27.0,0.0,0.0,-16.549026965,7.14289576,0.8943371432829905,0.44739364562364936,487.84484323728384,1.0,candidate,False
walls_pillars_3,InGraph,pillar_like,76,ever_strong,False,2,0.21900033950805664,80.0,0.0,812.1219525255367,-18.992537821,5.466235366,0.9987238658818628,0.05050385844652641,1368.5342525916685,1.0,weak_tracked,False
walls_pillars_3,InGraph,wall_like,77,ever_strong,True,122,44.62478494644165,376.38524590163934,0.6413866894826046,0.061701917709623987,-21.78250894,9.279064145,0.8236194507536501,-0.567142839450747,23.203233892113172,3.484341621,stale,True
walls_pillars_3,InGraph,wall_like,78,ever_strong,False,1,0.0,59.0,0.0,0.0,-16.272569075,7.127098951,0.6285457460205084,0.7777726179028949,4.684791436295287,1.0,candidate,False
walls_pillars_3,InGraph,wall_like,79,ever_strong,True,104,37.20280981063843,136.30769230769232,0.30198506674514336,0.0501988142907975,-27.015346762,5.201718484,0.8226292420838913,-0.5685781653110527,25.203352510203555,5.093806744,stale,True
walls_pillars_3,InGraph,wall_like,80,ever_strong,False,1,0.0,59.0,0.0,0.0,-16.360795092,7.158956303,0.5832498101735508,0.8122928406261605,3.7272664232858435,1.0,candidate,False
walls_pillars_3,InGraph,pillar_like,81,ever_strong,True,77,18.377870082855225,73.37662337662337,10.763543611307217,414.46329326227016,-16.421859906,9.172174756,0.6286169759926977,0.7777150490338965,136.85912115716027,1.0,stale,True
walls_pillars_3,InGraph,pillar_like,82,ever_strong,False,1,0.0,45.0,0.0,0.0,-21.508175068,9.942341388,0.740299977389267,-0.6722766866978587,3581.3456016341206,1.0,candidate,False
walls_pillars_3,InGraph,pillar_like,83,ever_strong,False,2,9.023894786834717,100.0,1.2809491335957507e-14,261.81411060360324,-25.575606508,6.66165704,0.2874324865475219,-0.9578009008541957,1772.7786463819189,1.0,weak_tracked,False
walls_pillars_3,InGraph,pillar_like,84,ever_strong,False,1,0.0,157.0,0.0,0.0,-16.193573745,7.316623739,0.9507562022362676,-0.3099397423843372,433.7960927270593,1.0,candidate,False
walls_pillars_3,InGraph,pipe_like,85,ever_strong,False,2,9.002969741821289,13.0,0.0,977.7268350514644,-17.128564788,7.459440291,0.011062977670945792,0.9999388033900136,-427.1982957169841,1.0,weak_tracked,False
walls_pillars_3,InGraph,pipe_like,86,ever_strong,False,1,0.0,10.0,0.0,0.0,-20.603008358,11.08163167,0.20254676825294246,-0.9792725905846077,73.48254323141958,1.0,candidate,False
walls_pillars_3,InGraph,pillar_like,87,ever_strong,False,1,0.0,172.0,0.0,0.0,-14.932470512,8.514848481,0.5334307154340859,-0.8458437632515116,292.7929076644189,1.12519455,candidate,False
walls_pillars_3,InGraph,wall_like,88,ever_strong,True,88,22.394925117492676,345.0,0.27812790843266705,0.10870741307569211,-18.976101074,12.665086829,0.5614820201439285,0.8274889371194597,0.1745355615351035,5.37111187,stale,True
walls_pillars_3,InGraph,wall_like,89,ever_strong,True,101,26.00391983985901,138.7128712871287,0.33994685901407906,0.0350097691298629,-21.432613231,13.206356207,0.8184137102187004,-0.5746294448825792,25.138212750293885,2.861061096,stale,True
walls_pillars_3,InGraph,pillar_like,90,ever_strong,False,2,0.1979999542236328,75.0,0.0,39.298833729203444,-22.830496235,8.08523144,0.2959851343321557,0.955192546167722,-19.050695118417647,1.0,weak_tracked,False
walls_pillars_3,InGraph,wall_like,91,ever_strong,False,1,0.0,50.0,0.0,0.0,-14.48605433,9.636547548,0.6097395310050121,0.7926018573847705,1.1948070358815706,1.0,candidate,False
walls_pillars_3,InGraph,pillar_like,92,ever_strong,False,1,0.0,103.0,0.0,0.0,-17.310980991,12.095073761,0.9326489266227053,0.36078522651227773,1296.191151162644,1.0,candidate,False
walls_pillars_3,InGraph,pipe_like,93,ever_strong,False,1,0.0,10.0,0.0,0.0,-16.316882697,9.066196695,0.8082720171870637,-0.588809261333715,340.6205967622674,1.0,candidate,False
walls_pillars_3,InGraph,wall_like,94,ever_strong,False,4,8.19898009300232,133.75,1.038241776109138,0.6894684310860142,-23.527636366,-1.840893628,0.5744934718229812,0.8185091635606638,15.031204775272426,3.565019608,weak_tracked,False
walls_pillars_3,InGraph,wall_like,95,ever_strong,False,4,8.19898009300232,72.0,0.7994372890009397,0.31164053840614797,-19.066961454,-4.981813222,0.5712737576017635,0.820759583480791,14.99241430067974,1.058145046,weak_tracked,False
walls_pillars_3,InGraph,pillar_like,96,ever_strong,False,2,1.4009950160980225,111.5,2.5121479338940402e-14,14.975694710224118,-16.425022585,9.029886845,0.8398199985485648,0.5428649648281687,463.6959846564402,1.0,weak_tracked,False
walls_pillars_3,InGraph,pillar_like,97,ever_strong,True,215,56.20506715774536,75.77674418604651,21.114272111470616,289.67785564139655,-10.770865332,-0.214070146,0.5291462267717082,0.8485306539502647,695.2328755827695,1.0,stale,True
walls_pillars_3,InGraph,pillar_like,98,ever_strong,True,68,17.975944995880127,77.38235294117646,7.656048452650408,251.16478345487354,-18.791108947,5.518483196,0.7570573506906667,-0.6533484275371212,2397.5172606482215,1.0,stale,True
walls_pillars_3,InGraph,wall_like,99,ever_strong,True,97,22.379935026168823,114.20618556701031,0.9861493508781453,0.31169203879940527,-19.868493191,-3.736250469,0.6013131390415787,0.7990134597214011,14.932540429675003,1.78709507,stale,True
walls_pillars_3,InGraph,wall_like,100,ever_strong,True,67,21.839930295944214,275.1044776119403,0.6746875784065139,0.11502367218554552,-5.114298569,6.717772497,0.5756460205697523,0.8176990026912153,-2.5492070275972853,1.596692085,confirmed,True
walls_pillars_3,InGraph,wall_like,101,ever_strong,True,168,45.954097032547,270.57738095238096,0.5310743037635088,0.032096541745343335,-11.749733234,4.061680975,0.8141607780615467,-0.5806394987134589,11.935689504100592,4.814522266,stale,True
walls_pillars_3,InGraph,wall_like,102,ever_strong,False,4,6.338979959487915,54.75,0.8888374982551255,0.1187306609196675,-13.369115358,1.638474581,0.8549038964286789,-0.5187863990806455,12.27932718846834,1.0,weak_tracked,False
walls_pillars_3,InGraph,pillar_like,103,ever_strong,False,3,1.9409949779510498,73.0,14.534439322877084,83.65403274677877,-6.083560266,7.032171747,0.775534963041622,-0.6313046183103923,643.9614976816315,1.061017036,weak_tracked,False
walls_pillars_3,InGraph,wall_like,104,ever_strong,True,5,2.00099515914917,268.6,0.026653567060096143,0.005321028202438002,-0.399859413,3.549102752,0.5697044844929852,0.82184962149324,-2.68914748267931,4.478292465,confirmed,True
walls_pillars_3,InGraph,wall_like,105,ever_strong,False,2,0.5819950103759766,228.0,4.070023110645512e-12,0.012945413801293094,-16.089063715,-4.971746996,0.5746787917861053,0.8183790602595243,13.31481883217942,3.537050247,weak_tracked,False
walls_pillars_3,InGraph,pillar_like,106,ever_strong,True,67,18.69894504547119,55.134328358208954,13.88140107964528,87.26248169885683,-13.431273252,1.80575355,0.4800007640986219,0.8772680698992407,573.8539369100562,1.0,stale,True
walls_pillars_3,InGraph,pillar_like,107,ever_strong,True,117,32.57990503311157,90.91452991452991,21.401449407626043,213.610755840204,-5.44725958,-3.880699071,0.6850476861902057,0.7284982276199754,711.6095916274729,1.0,stale,True
walls_pillars_3,InGraph,wall_like,108,ever_strong,False,1,0.0,171.0,0.0,0.0,-10.429672535,5.853284183,0.816519689715962,-0.5773175870403993,12.221382907931849,5.982595921,candidate,False
walls_pillars_3,InGraph,wall_like,109,ever_strong,False,1,0.0,51.0,0.0,0.0,-17.209634126,-4.203927222,0.8314762950595999,-0.5555602314366654,11.986893749230196,3.216012955,candidate,False
walls_pillars_3,InGraph,wall_like,110,ever_strong,True,72,18.998939752578735,421.47222222222223,0.23092472392605587,0.016044988938138462,4.033388131,-1.651417833,0.8236859436346241,-0.5670462646546036,-4.2591935492773,3.484556675,stale,True
walls_pillars_3,InGraph,wall_like,111,ever_strong,True,147,44.44210195541382,481.5034013605442,0.6050079147544234,0.06289488800607548,1.541507175,2.105994281,0.5698816554653561,0.8217267786582504,-2.609308486384252,4.811777115,stale,True
walls_pillars_3,InGraph,wall_like,112,ever_strong,True,8,3.026989698410034,82.25,0.19453443456935743,0.06541145219279332,-7.540830187,8.599083727,0.5664288781459461,0.8241106272839376,-2.8153034559395596,2.541459084,stale,True
walls_pillars_3,InGraph,wall_like,113,ever_strong,False,1,0.0,244.0,0.0,0.0,3.440127029,-2.526336925,0.8219523539229819,-0.5695562552377677,-4.26696432495873,5.599597454,candidate,False
walls_pillars_3,InGraph,pillar_like,114,ever_strong,False,1,0.0,152.0,0.0,0.0,-4.247883253,5.59224366,0.6271725596504367,-0.7788803376780796,142.26273070481517,1.035457134,candidate,False
walls_pillars_3,InGraph,wall_like,115,ever_strong,False,1,0.0,50.0,0.0,0.0,-7.255541026,8.576528746,0.6038381234551305,0.797106969397575,-2.455958601683215,1.299220085,candidate,False
walls_pillars_3,InGraph,wall_like,116,ever_strong,False,1,0.0,56.0,0.0,0.0,-6.800337349,8.283692952,0.6014575884165649,0.7989047310763218,-2.5279296080279674,2.549253464,candidate,False
walls_pillars_3,InGraph,wall_like,117,ever_strong,False,1,0.0,224.0,0.0,0.0,-2.886474601,5.24502538,0.5840590787287415,0.8117111509364238,-2.6089087168461758,3.237125397,candidate,False
walls_pillars_3,InGraph,wall_like,118,ever_strong,False,4,3.803989887237549,186.25,0.567492278377748,0.09783018570011792,-4.349589432,5.500113173,0.5861331879723094,0.810214715959552,-1.9069175304966341,1.198801994,weak_tracked,False
walls_pillars_3,InGraph,wall_like,119,ever_strong,False,1,0.0,116.0,0.0,0.0,-7.014352023,8.336090762,0.598008014130167,0.8014901216085536,-2.487242036964254,2.002030373,candidate,False
walls_pillars_3,InGraph,wall_like,120,ever_strong,False,1,0.0,106.0,0.0,0.0,-6.921537302,8.334689314,0.6053419649161372,0.795965517790482,-2.444995251922443,2.160297394,candidate,False
walls_pillars_3,InGraph,wall_like,121,ever_strong,False,1,0.0,255.0,0.0,0.0,-6.006714272,7.565912383,0.5939605672242693,0.8044941544738683,-2.5189997766605066,2.329893112,candidate,False
walls_pillars_3,InGraph,wall_like,122,ever_strong,False,1,0.0,231.0,0.0,0.0,-6.016699573,7.53377497,0.5889971584585558,0.8081351046253015,-2.54451436353316,2.278075218,candidate,False
walls_pillars_3,InGraph,wall_like,123,ever_strong,False,1,0.0,250.0,0.0,0.0,-6.107296247,7.589287585,0.5892978770166901,0.807915844716281,-2.532505342297926,2.22476244,candidate,False
walls_pillars_3,InGraph,wall_like,124,ever_strong,False,4,2.600989818572998,158.25,0.3564407773394673,0.10330660804156556,-2.031060677,4.548452444,0.5632832205912198,0.8262638884765467,-2.6327332490597426,3.738039494,weak_tracked,False
walls_pillars_3,InGraph,wall_like,125,ever_strong,False,1,0.0,68.0,0.0,0.0,-7.07292646,7.967722657,0.5495261392108076,0.8354765241011048,-2.770649023122769,2.181322098,candidate,False
walls_pillars_3,InGraph,wall_like,126,ever_strong,False,1,0.0,87.0,0.0,0.0,-5.207866684,6.794623665,0.5756515775226602,0.8176950906637955,-2.5585251764433243,1.0,candidate,False
walls_pillars_3,InGraph,pillar_like,127,ever_strong,False,1,0.0,61.0,0.0,0.0,-3.64770147,5.341447812,0.47361797246882387,0.880730387890937,-432.9723480647353,1.0,candidate,False
walls_pillars_3,InGraph,wall_like,128,ever_strong,False,1,0.0,146.0,0.0,0.0,2.10479628,1.731943467,0.5699427531937091,0.8216844029686671,-2.6227304231958835,5.252534866,candidate,False
walls_pillars_3,InGraph,wall_like,131,ever_strong,True,21,6.81897497177124,422.57142857142856,0.20833731080322054,0.024144677541504827,1.09166116,-5.901314132,0.8270578835368051,-0.5621167648092525,-4.220774984882744,9.785083771,confirmed,True
walls_pillars_3,InGraph,pillar_like,132,ever_strong,False,1,0.0,81.0,0.0,0.0,-5.912145017,6.799508425,0.09204860632371974,-0.9957545149653406,599.1469769346079,1.0,candidate,False
walls_pillars_3,InGraph,wall_like,133,ever_strong,False,1,0.0,54.0,0.0,0.0,-5.16825496,6.733012048,0.561395458294766,0.8275476659419744,-2.679234005742801,1.63098073,candidate,False
walls_pillars_3,InGraph,wall_like,134,ever_strong,False,3,1.002000093460083,125.0,0.13568705368336223,0.07821906250728337,-6.12778437,7.411713531,0.5655698914779633,0.8247003685300527,-2.646763693554735,2.519055367,weak_tracked,False
walls_pillars_3,InGraph,wall_like,135,ever_strong,False,1,0.0,55.0,0.0,0.0,-13.571870331,1.549946002,0.8217044338967155,-0.5699138735936142,12.042007428566357,4.455084801,candidate,False
walls_pillars_3,InGraph,wall_like,136,ever_strong,True,5,1.2000000476837158,97.2,0.05774322241618831,0.025935605684547683,-7.73258733,8.529932176,0.5604246582262506,0.828205410784058,-2.731018979883797,2.049496651,confirmed,True
walls_pillars_3,InGraph,wall_like,137,ever_strong,False,2,2.1989948749542236,61.5,1.6446129721211591e-12,0.0033623548100980404,-16.098823476,-2.157182432,0.8239527866282436,-0.5666584556922732,12.043566834479803,4.81966877,weak_tracked,False
walls_pillars_3,InGraph,wall_like,138,ever_strong,False,1,0.0,103.0,0.0,0.0,-4.093859343,-13.324272424,0.8181242258574576,-0.5750415211661987,-4.3129274540791505,1.269848824,candidate,False
walls_pillars_3,InGraph,wall_like,139,ever_strong,True,54,12.423197031021118,839.3703703703703,0.42361713713693183,0.09020485440109925,1.563929409,-5.041118925,0.8330907387744979,-0.5531363493463083,-4.092022426366382,1.330698729,confirmed,True
walls_pillars_3,InGraph,wall_like,140,ever_strong,False,1,0.0,91.0,0.0,0.0,-7.372864093,8.296112467,0.568535427705022,0.8226587794731591,-2.6331649792636207,1.988682747,candidate,False
walls_pillars_3,InGraph,wall_like,141,ever_strong,False,1,0.0,112.0,0.0,0.0,-7.463682854,8.359048164,0.5673665422030129,0.8234653646563387,-2.6487601541002714,2.023740292,candidate,False
walls_pillars_3,InGraph,wall_like,142,ever_strong,False,1,0.0,105.0,0.0,0.0,-7.499582092,8.265492586,0.5552328148843269,0.8316949688892117,-2.710431867485737,2.083097935,candidate,False
walls_pillars_3,InGraph,pillar_like,143,ever_strong,False,2,0.8009998798370361,56.5,0.0,201.1654928812891,-6.404178552,3.782624443,0.9850188797463606,0.1724465324186743,126.2159634005927,1.0,weak_tracked,False
walls_pillars_3,InGraph,wall_like,144,ever_strong,False,1,0.0,297.0,0.0,0.0,-3.358907453,-12.591904391,0.8334348468382387,-0.5526177305115368,-4.1598053464351255,3.886726379,candidate,False
walls_pillars_3,InGraph,wall_like,145,ever_strong,False,1,0.0,188.0,0.0,0.0,-3.832054899,-13.393454245,0.838452869137328,-0.5449741151975778,-4.0863894733262685,2.010327339,candidate,False
walls_pillars_3,InGraph,pillar_like,146,ever_strong,False,2,2.3189902305603027,31.5,1.0048591735576161e-14,242.7989190586643,-6.372901076,3.529288572,0.29110929247161926,0.9566898033514694,-147.40249425294513,1.0,weak_tracked,False
walls_pillars_3,InGraph,wall_like,147,ever_strong,True,66,23.83816170692444,187.42424242424244,0.5025655102903449,0.037665048173858046,-10.67066234,-10.888280895,0.5772473463359908,0.8165693486459412,15.05280958334056,5.740125179,stale,True
walls_pillars_3,InGraph,wall_like,148,ever_strong,False,2,0.5969946384429932,57.0,0.0,0.12711841246777636,-17.72776347,-5.648970365,0.6049028669263137,0.7962992663467212,15.224247818961127,1.257303238,weak_tracked,False
walls_pillars_3,InGraph,pillar_like,149,ever_strong,False,1,0.0,32.0,0.0,0.0,-6.008523375,4.314807114,0.01374303414685172,-0.9999055600467669,780.6702034353985,1.0,candidate,False
walls_pillars_3,InGraph,pillar_like,150,ever_strong,False,4,8.598206758499146,32.5,16.7934325668129,313.4727175882756,-0.504421683,-3.684938404,0.33919746053298316,0.9407151974790114,96.78734406206719,1.0,weak_tracked,False
walls_pillars_3,InGraph,wall_like,151,ever_strong,False,2,4.1999900341033936,98.5,8.913807419704919e-13,0.1371031999412152,-17.596634661,-4.263061401,0.8100135835317943,-0.5864111138902305,11.757512302920546,3.147527695,weak_tracked,False
walls_pillars_3,InGraph,wall_like,152,ever_strong,False,1,0.0,77.0,0.0,0.0,-7.350116686,8.287821587,0.5705857660202399,0.821238018856346,-2.612598175546011,1.805482864,candidate,False
walls_pillars_3,InGraph,wall_like,153,ever_strong,False,1,0.0,512.0,0.0,0.0,-2.362007375,-10.874011994,0.8205113482263486,-0.5716302366318454,-4.278238071791418,5.081021786,candidate,False
walls_pillars_3,InGraph,wall_like,154,ever_strong,False,1,0.0,78.0,0.0,0.0,-7.34800017,8.268744132,0.567873866734771,0.8231155881646876,-2.633685356639063,1.900835514,candidate,False
walls_pillars_3,InGraph,wall_like,158,ever_strong,False,1,0.0,81.0,0.0,0.0,-7.261385153,8.193438856,0.567103966686031,0.8236462171156794,-2.630626138333448,1.811553478,candidate,False
walls_pillars_3,InGraph,wall_like,162,ever_strong,False,1,0.0,260.0,0.0,0.0,3.884265568,-1.735204234,0.830249896159248,-0.5573913436065884,-4.192888152563176,3.110686779,candidate,False
walls_pillars_3,InGraph,wall_like,163,ever_strong,False,1,0.0,203.0,0.0,0.0,4.166070042,-1.47486628,0.8236516582973074,-0.5670960639821931,-4.2681713243210435,2.247134209,candidate,False
walls_pillars_3,InGraph,wall_like,164,ever_strong,False,1,0.0,119.0,0.0,0.0,4.465903075,-1.079170031,0.8260889162093206,-0.5635397967456338,-4.297647304164324,1.409992218,candidate,False
walls_pillars_3,InGraph,pillar_like,165,ever_strong,True,81,20.00417184829712,128.49382716049382,26.41438761939658,762.3583016799329,-2.380550002,-9.805790862,0.7874796556746381,-0.6163406459893371,-715.6335935856862,1.0,confirmed,True
walls_pillars_3,InGraph,wall_like,166,ever_strong,False,1,0.0,198.0,0.0,0.0,-14.536987338,-5.829563634,0.8301492105169019,-0.5575412884066654,8.817682761437027,5.789921761,candidate,False
walls_pillars_3,InGraph,wall_like,167,ever_strong,False,1,0.0,159.0,0.0,0.0,-8.886127099,2.508512413,0.8272328929029241,-0.5618591824465089,8.763495260180385,7.355233192,candidate,False
walls_pillars_3,InGraph,wall_like,168,ever_strong,False,1,0.0,94.0,0.0,0.0,3.480594543,0.764657011,0.5708409778477176,0.821060642102556,-2.616830715862726,3.799732447,candidate,False
walls_pillars_3,InGraph,pillar_like,170,ever_strong,False,5,16.602182149887085,34.0,8.587280282127653,246.70633296034077,-0.851814635,-4.65029907,0.7885404628082693,-0.6149828766023657,-373.59359629274,1.0,weak_tracked,False
walls_pillars_3,InGraph,wall_like,172,ever_strong,True,41,8.20221209526062,1083.3658536585365,0.4079621212638229,0.150101551396169,-1.915896565,-10.168736029,0.818411264294776,-0.5746329284642729,-4.275957782641746,11.285633087,confirmed,True
walls_pillars_3,InGraph,pillar_like,173,ever_strong,False,2,9.603207111358643,71.5,2.2748467065386707e-14,622.2140476217074,-10.298542451,-10.91240665,0.9838231026637941,0.17914268800312722,1253.0734176594515,1.0,weak_tracked,False
walls_pillars_3,InGraph,wall_like,174,ever_strong,False,1,0.0,84.0,0.0,0.0,-12.626932469,-9.61012828,0.5476041997513755,0.8367374979135664,15.19327317454115,6.442286491,candidate,False
walls_pillars_3,InGraph,wall_like,175,ever_strong,False,2,2.5979950428009033,51.0,0.0,0.11396558161902758,-5.016234406,-14.38206522,0.5269372652872157,0.8499041819238392,14.867804798367569,1.0,weak_tracked,False
walls_pillars_3,InGraph,wall_like,176,ever_strong,False,2,0.1770000457763672,186.5,5.388604850298633e-11,0.0025823907265945397,3.171245008,-2.603813509,0.8380531121321799,-0.5455886557156112,-4.0789133685179415,3.511305809,weak_tracked,False
walls_pillars_3,InGraph,wall_like,177,ever_strong,True,4,0.5999946594238281,169.75,0.34293758572386945,0.07905062355202043,3.133884236,-2.319762641,0.8495324048583245,-0.5275364376947168,-3.886162793885593,4.361833572,confirmed,True
walls_pillars_3,InGraph,pillar_like,178,ever_strong,True,48,13.241959810256958,90.41666666666667,16.540316388231595,554.9637415230014,1.059904398,-4.950268009,0.025981866766288962,-0.9996624143176229,-300.21892685148225,1.0,stale,True
walls_pillars_3,InGraph,pipe_like,179,ever_strong,False,1,0.0,10.0,0.0,0.0,-5.411995126,-4.14018061,0.9812276937491134,0.1928528273575366,120.06917270264634,1.0,candidate,False
walls_pillars_3,InGraph,wall_like,180,ever_strong,False,1,0.0,269.0,0.0,0.0,3.187598978,-2.702630878,0.8301641245855574,-0.5575190815129963,-4.153041175564615,4.916335106,candidate,False
walls_pillars_3,InGraph,wall_like,181,ever_strong,False,2,0.20100021362304688,193.0,0.0,0.001428677961773151,2.975109536,-3.173297334,0.820499459321751,-0.5716473014479421,-4.255976992883089,4.822313786,weak_tracked,False
walls_pillars_3,InGraph,pipe_like,182,ever_strong,False,1,0.0,10.0,0.0,0.0,-0.226718342,-3.703089408,0.21205236784858936,-0.9772583042828578,-188.40617664229677,1.0,candidate,False
walls_pillars_3,InGraph,wall_like,183,ever_strong,True,53,10.637964725494385,1151.188679245283,0.449425752833934,0.10030749577372496,-2.160575159,-10.54719718,0.8179805174733074,-0.5752459239613091,-4.301107818818923,8.901751518,confirmed,True
walls_pillars_3,InGraph,wall_like,184,ever_strong,False,2,5.18098521232605,109.0,0.0,0.020847622894985814,-6.308925586,-13.336926138,0.5421511063580284,0.840281011254429,14.628545428225095,1.200047374,weak_tracked,False
walls_pillars_3,InGraph,wall_like,185,ever_strong,False,1,0.0,131.0,0.0,0.0,3.454810738,-2.488228347,0.8197886368937546,-0.5726662123959121,-4.2577335819911175,4.826253891,candidate,False
walls_pillars_3,InGraph,pipe_like,186,ever_strong,False,1,0.0,10.0,0.0,0.0,-0.265920265,-3.772500753,0.991936083411101,-0.12673912745101754,-10.000939177779498,1.0,candidate,False
walls_pillars_3,InGraph,wall_like,187,ever_strong,False,1,0.0,206.0,0.0,0.0,3.416690045,-2.534383888,0.8213351634527856,-0.570445921429881,-4.252286962863259,4.760718346,candidate,False
walls_pillars_3,InGraph,wall_like,188,ever_strong,False,1,0.0,228.0,0.0,0.0,3.273409586,-2.723680841,0.8209765352855938,-0.5709619326281414,-4.242555533912246,4.710975647,candidate,False
walls_pillars_3,InGraph,wall_like,189,ever_strong,False,1,0.0,165.0,0.0,0.0,3.239590284,-2.811567446,0.8202292256174518,-0.5720349792128058,-4.265556313270718,4.638241291,candidate,False
walls_pillars_3,InGraph,wall_like,190,ever_strong,False,1,0.0,247.0,0.0,0.0,3.446361202,-2.493264382,0.8218894471257431,-0.5696470281703753,-4.252846027926567,4.797059059,candidate,False
walls_pillars_3,InGraph,pillar_like,191,ever_strong,False,1,0.0,46.0,0.0,0.0,-4.964024822,-13.491357283,0.9127067442757295,0.4086152211477177,7055.608566144876,1.0,candidate,False
walls_pillars_3,InGraph,wall_like,192,ever_strong,False,1,0.0,156.0,0.0,0.0,3.223566553,-2.832319667,0.8200359002903541,-0.5723120846487416,-4.264489376915485,4.684037209,candidate,False
walls_pillars_3,InGraph,wall_like,193,ever_strong,False,1,0.0,245.0,0.0,0.0,3.304823828,-2.365281392,0.8336856785544422,-0.5522392501201082,-4.061408295362228,4.668289185,candidate,False
walls_pillars_3,InGraph,pillar_like,194,ever_strong,False,5,5.390980005264282,97.4,25.834485377283897,955.7057350194154,-5.413636235,-4.08196942,0.7869645493655497,-0.616998215590513,298.46403162019465,1.0,weak_tracked,False
walls_pillars_3,InGraph,pipe_like,195,ever_strong,False,1,0.0,10.0,0.0,0.0,-0.959953984,-4.751636347,0.7259302162003902,-0.6877683630462037,-188.37726373616692,1.0,candidate,False
walls_pillars_3,InGraph,wall_like,196,ever_strong,False,1,0.0,246.0,0.0,0.0,3.422725141,-2.530287454,0.8223228687123224,-0.5690211767524445,-4.254464443739852,4.587100029,candidate,False
walls_pillars_3,InGraph,pipe_like,197,ever_strong,False,1,0.0,15.0,0.0,0.0,-1.049879828,-4.637071161,0.9877544542205681,-0.15601646761617044,78.24354380702924,1.0,candidate,False
walls_pillars_3,InGraph,pipe_like,198,ever_strong,False,1,0.0,11.0,0.0,0.0,-3.933086594,-10.85176228,0.060534944148905284,-0.9981660786346572,-482.2817249907214,1.0,candidate,False
walls_pillars_3,InGraph,wall_like,199,ever_strong,False,1,0.0,115.0,0.0,0.0,3.278316274,-2.654416163,0.8236997366114809,-0.5670262285875116,-4.205533067660344,3.439746857,candidate,False
walls_pillars_3,InGraph,wall_like,200,ever_strong,False,1,0.0,255.0,0.0,0.0,-1.816329516,-9.966466057,0.8271149522568859,-0.5620327888594127,-4.268515240232355,8.857643127,candidate,False
walls_pillars_3,InGraph,wall_like,201,ever_strong,False,1,0.0,70.0,0.0,0.0,3.263147478,-2.752584543,0.8164287037465124,-0.5774462500517163,-4.26086684724457,3.132768631,candidate,False
walls_pillars_3,InGraph,wall_like,202,ever_strong,False,1,0.0,197.0,0.0,0.0,3.283105329,-2.687032877,0.8237928306223038,-0.566890970306718,-4.228015832158152,3.320719719,candidate,False
walls_pillars_3,InGraph,wall_like,203,ever_strong,False,1,0.0,152.0,0.0,0.0,3.255089336,-2.790292753,0.822675967932966,-0.5685105555621263,-4.264415728015371,3.378303528,candidate,False
walls_pillars_3,InGraph,wall_like,204,ever_strong,False,1,0.0,115.0,0.0,0.0,3.298484036,-2.742704453,0.8224808096214287,-0.568792860191194,-4.273465067441414,3.388975143,candidate,False
walls_pillars_3,InGraph,wall_like,205,ever_strong,False,1,0.0,194.0,0.0,0.0,3.292842309,-2.748346659,0.822458256433906,-0.5688254709695227,-4.2715666563977726,3.318224907,candidate,False
walls_pillars_3,S-Graphs,wall_like,x:6,observations>=20,True,53,127.90046000480652,150.0,2.625798469052713,0.5510468065907245,3.9536007810021583,-2.0984681005702526,0.7877949722831867,-0.6159375631063047,-4.540593069101421,3.9760821352325855,published_plane,
walls_pillars_3,S-Graphs,wall_like,x:3,observations>=20,True,53,127.90046000480652,1268.6037735849056,2.596789299239649,0.5420585385790785,1.955209010086483,-4.722050462937715,0.7830675216684064,-0.6219366981519098,-4.483072461763563,11.358883273437641,published_plane,
walls_pillars_3,S-Graphs,wall_like,y:4,observations>=20,True,53,127.90046000480652,953.5849056603773,3.0251108157864737,0.4487667312861174,1.655226169012996,2.398341192750228,0.6641780990885949,0.7475743793704146,-3.0303840896988254,14.086460603966566,published_plane,
walls_pillars_3,S-Graphs,wall_like,y:10,observations>=20,True,49,113.699627161026,108.0,2.5108988674159964,0.4706124598555139,3.0149960338790605,1.552510021693802,0.6384285532781077,0.7696810913353805,-3.1005639711417228,5.601982924004661,published_plane,
walls_pillars_3,S-Graphs,wall_like,x:15,observations>=20,True,46,105.89954710006714,175.0,2.457664242672178,0.483757106262622,-2.6896779120882544,-12.118432072037335,0.9071176267764282,-0.4208771925294847,-2.95336170781772,4.733708121783342,published_plane,
walls_pillars_3,S-Graphs,wall_like,y:17,observations>=20,True,45,102.5008430480957,513.2666666666667,2.6483435953404015,0.7086292364831113,-1.6668675585829211,-9.795975597283489,0.6936040445033017,-0.72035645998954,-6.0784856746657825,10.57720855812728,published_plane,
walls_pillars_3,S-Graphs,wall_like,y:29,observations>=20,True,36,75.90030217170715,422.0,1.4869526638036852,0.417702113160254,-13.00191405917834,5.229950915372751,0.6913137088389673,0.7225547425429519,5.198557083733509,5.390211971906916,published_plane,
walls_pillars_3,S-Graphs,wall_like,y:31,observations>=20,True,35,72.29986572265625,354.0,1.3599649861393195,0.5285734195495948,-14.369656312388909,6.361394774859505,0.30966725790828803,0.950844987040244,-1.4926782500342108,4.51281736545061,published_plane,
walls_pillars_3,S-Graphs,wall_like,y:33,observations>=20,True,34,68.70075392723083,2491.705882352941,1.2117593893525402,0.5188474079752114,-14.031581622664264,5.882015311751863,0.6008799397093312,0.7993392884469714,3.8772308800248845,6.262158382092738,published_plane,
walls_pillars_3,S-Graphs,wall_like,x:38,observations>=20,True,32,62.10005974769592,927.6875,1.5955094770143876,0.2016192080200963,-21.896337935682674,9.693566669223056,0.8844441439094001,-0.46664607177642514,23.887399487112337,3.9670888433142553,published_plane,
walls_pillars_3,S-Graphs,wall_like,y:37,observations>=20,True,32,62.10005974769592,237.0,1.04186439248436,0.4205753748536452,-14.567520939051086,7.507444351062001,0.39307619135641264,0.9195059041619781,-1.0893443497794508,4.521176863696641,published_plane,
walls_pillars_3,S-Graphs,wall_like,y:40,observations>=20,True,31,59.10033917427063,111.0,0.9296281045056896,0.3676755336911463,-18.842422647807542,13.44014224891422,0.590948224736263,0.8067094865446044,0.5717327179257067,3.7778461059868365,published_plane,
walls_pillars_3,S-Graphs,wall_like,y:55,observations>=20,False,19,25.90002751350403,485.0,0.5544670367005589,0.1338634781728509,-2.521837711801212,5.255297807722326,0.3247732069892729,0.9457919242739933,-4.092004133116093,15.411456435665277,published_plane,
walls_pillars_3,S-Graphs,wall_like,y:57,observations>=20,False,17,19.6998553276062,140.0,0.6780350127342335,0.060055004315228075,-1.2156273444865584,4.245577537606499,0.6441816869306016,0.7648725084765724,-2.5077186390756983,3.682304602384448,published_plane,
walls_pillars_3,S-Graphs,wall_like,y:65,observations>=20,False,11,0.0,121.0,0.0,9.315293853352739e-16,-2.056666015044405,-10.193356895944916,0.5312756136965905,-0.8471990452610952,-7.6508877244595555,3.406534306118926,published_plane,
unpaired_ingraph_20260603_014722,InGraph,wall_like,1,ever_strong,True,106,21.58187508583069,266.688679245283,0.09580379659763232,0.027223533259962882,-7.83519056,-12.313837334,0.9886973478995971,-0.14992516218534843,5.900767907799898,5.174537659,stale,True
unpaired_ingraph_20260603_014722,InGraph,wall_like,2,ever_strong,True,191,47.7934045791626,500.6910994764398,0.37910031952005213,0.031229885436500442,-6.359103398,-2.584434815,0.9894524486634979,-0.1448580402801592,5.91770109344671,9.175989151,confirmed,True
unpaired_ingraph_20260603_014722,InGraph,wall_like,3,ever_strong,True,83,20.978880167007446,153.72289156626505,0.45334940110838395,0.031399715935188414,-4.078784303,-5.032162175,0.14623272046058017,0.9892502168140767,5.574608659905485,1.111512899,stale,True
unpaired_ingraph_20260603_014722,InGraph,wall_like,4,ever_strong,False,1,0.0,52.0,0.0,0.0,-2.046358465,-5.254819198,0.13943469768674682,0.990231268482775,5.488860148360886,1.762925863,candidate,False
unpaired_ingraph_20260603_014722,InGraph,wall_like,5,ever_strong,True,90,20.780880212783813,194.22222222222223,0.8797010772354111,0.19337045387751936,-10.924240132,-8.969979228,0.07976758523697897,0.9968134892473423,9.81856271159765,2.248228073,stale,True
unpaired_ingraph_20260603_014722,InGraph,wall_like,6,ever_strong,False,1,0.0,64.0,0.0,0.0,-2.154711506,-5.237937318,0.14468983851990613,0.9894770591727144,5.494618136609184,1.471059799,candidate,False
unpaired_ingraph_20260603_014722,InGraph,wall_like,7,ever_strong,False,4,9.419945001602173,168.25,0.16747135597486726,0.038208393696949984,-5.070646839,-4.529960316,0.9901699421298268,-0.13986953100162805,4.3924066351537245,2.089464664,weak_tracked,False
unpaired_ingraph_20260603_014722,InGraph,wall_like,8,ever_strong,False,70,14.579905033111572,100.21428571428571,0.42170878616246643,1.2446434381633165,-3.489365092,-5.112989333,0.04455312380819931,-0.9990070165714209,-5.074507871046013,3.259346485,stale,False
unpaired_ingraph_20260603_014722,InGraph,wall_like,10,ever_strong,False,1,0.0,121.0,0.0,0.0,-1.319212752,-5.339485847,0.1403989038853015,0.990095019575296,5.471949526994922,3.617089033,candidate,False
unpaired_ingraph_20260603_014722,InGraph,wall_like,11,ever_strong,False,1,0.0,152.0,0.0,0.0,-0.183927879,-5.368562578,0.10747808872344031,0.9942074534242621,5.462015851910767,7.507815361,candidate,False
unpaired_ingraph_20260603_014722,InGraph,pillar_like,12,ever_strong,False,1,0.0,83.0,0.0,0.0,-9.208729791,-9.166628274,0.3880001662876352,0.9216593030837195,2521.4503776023753,1.0,candidate,False
unpaired_ingraph_20260603_014722,InGraph,wall_like,9,ever_strong,False,2,10.199939966201782,99.5,8.080480876751005e-13,0.10618790169054941,-6.691028396,-4.32228014,0.9877630952477595,-0.15596175065241322,5.935169231133235,3.297275543,weak_tracked,False
unpaired_ingraph_20260603_014722,InGraph,pipe_like,13,ever_strong,False,2,0.40199995040893555,12.0,1.5888218580782548e-14,47.28234711427689,-3.815803555,-6.683080554,0.9870315387670938,-0.16052645102618818,67.88395176168305,1.0,weak_tracked,False
unpaired_ingraph_20260603_014722,InGraph,wall_like,14,ever_strong,True,64,13.400919675827026,219.1875,0.5171771741197949,0.013908406201909675,-2.235284024,-4.322448131,0.3471209949579491,0.9378203531910595,4.8304604381738825,4.065314293,stale,True
unpaired_ingraph_20260603_014722,InGraph,pillar_like,15,ever_strong,False,1,0.0,47.0,0.0,0.0,-8.022337903,-9.240200094,0.3291785536837721,0.9442676949862576,1339.4339133393582,1.0,candidate,False
unpaired_ingraph_20260603_014722,InGraph,pillar_like,16,ever_strong,False,1,0.0,34.0,0.0,0.0,-8.527483018,-9.306265207,0.3425664086839539,0.9394936166049125,856.4120561695181,1.0,candidate,False
unpaired_ingraph_20260603_014722,InGraph,pipe_like,17,ever_strong,False,1,0.0,10.0,0.0,0.0,-7.87497642,-9.38471627,0.9638379013265133,-0.26648921172629536,26.772244670774423,1.0,candidate,False
unpaired_ingraph_20260603_014722,InGraph,wall_like,18,ever_strong,True,120,26.804829835891724,340.2083333333333,0.6183081561826799,0.04059472067853156,-3.964544553,2.202848169,0.9901446483583033,-0.1400484749199788,4.234776619835911,4.473103046,stale,True
unpaired_ingraph_20260603_014722,InGraph,wall_like,19,ever_strong,True,66,14.222910165786743,126.71212121212122,0.4666494057714864,0.05063232516410847,-5.017777807,-4.1712365,0.9912626935134091,-0.13190251115328042,4.42848992838732,2.911881447,stale,True
unpaired_ingraph_20260603_014722,InGraph,wall_like,20,ever_strong,True,69,24.40184998512268,293.4927536231884,0.46227791987678696,0.0347212306221512,-4.24538843,0.879420222,0.9900418831977471,-0.14077311360575367,4.485133466051298,5.514767647,stale,True
unpaired_ingraph_20260603_014722,InGraph,wall_like,21,ever_strong,False,1,0.0,67.0,0.0,0.0,-4.479297877,-1.201893486,0.9828444169501919,-0.18443658007520483,4.202872623379689,3.239430189,candidate,False
unpaired_ingraph_20260603_014722,InGraph,wall_like,22,ever_strong,False,2,0.6029996871948242,321.0,1.2704599392513033e-12,0.010301230916800748,-4.442759499,-0.519492774,0.9923108636299731,-0.12377055353328976,4.348780935924797,3.585191011,weak_tracked,False
unpaired_ingraph_20260603_014722,InGraph,wall_like,23,ever_strong,True,5,1.7789947986602783,147.6,0.6566996287967783,0.05188173562705958,-4.107321558,1.961876521,0.9819973867165936,-0.18889450093049506,4.4594730537534595,2.081285954,confirmed,True
unpaired_ingraph_20260603_014722,InGraph,wall_like,24,ever_strong,True,15,3.023980140686035,95.4,0.2431293320816949,0.010914803925911105,-5.466504589,3.187369892,0.9875669532503221,-0.1571989594363655,5.89961147013303,2.795340538,confirmed,True
unpaired_ingraph_20260603_014722,InGraph,wall_like,25,ever_strong,False,1,0.0,97.0,0.0,0.0,-4.312521008,0.090984432,0.9912833978771821,-0.1317468219467484,4.386352622392441,4.808623791,candidate,False
unpaired_ingraph_20260603_014722,InGraph,wall_like,26,ever_strong,False,1,0.0,159.0,0.0,0.0,-4.110586053,2.047581343,0.982718884231714,-0.18510428027027134,4.422727085802789,3.072879076,candidate,False
unpaired_ingraph_20260603_014722,InGraph,pillar_like,27,ever_strong,False,1,0.0,78.0,0.0,0.0,-4.667652966,-4.892658978,0.4849841146064729,0.8745229605787234,613.9478125937841,1.0,candidate,False
unpaired_ingraph_20260603_014722,InGraph,wall_like,28,ever_strong,False,1,0.0,66.0,0.0,0.0,-4.56737589,-1.493453807,0.9906572804671026,-0.13637504411557344,4.3216210474341645,1.782153606,candidate,False
unpaired_ingraph_20260603_014722,InGraph,wall_like,29,ever_strong,True,40,12.221920013427734,333.6,0.37891426820921187,0.028807728430654538,4.443817264,5.430377563,0.14832357942944407,0.988938883746229,-6.032032952539319,8.440631866,confirmed,True
unpaired_ingraph_20260603_014722,InGraph,wall_like,30,ever_strong,False,4,5.43895959854126,63.5,0.16012898819651128,0.06982185995127746,4.576426725,5.316198708,0.1656173696770467,0.9861900865762423,-6.00112911289656,3.458925009,weak_tracked,False
unpaired_ingraph_20260603_014722,InGraph,wall_like,31,ever_strong,False,2,0.8219950199127197,98.5,2.981605579040489e-13,0.025899454323856014,-4.104036775,1.842423832,0.9911734442028571,-0.13257150337476614,4.321140477425628,2.911009312,weak_tracked,False
unpaired_ingraph_20260603_014722,InGraph,wall_like,32,ever_strong,False,1,0.0,100.0,0.0,0.0,-3.986888205,2.905089877,0.9590387815056272,-0.2832748057420604,4.654188982132246,1.466838121,candidate,False
unpaired_ingraph_20260603_014722,InGraph,pillar_like,33,ever_strong,False,1,0.0,48.0,0.0,0.0,-3.378823412,4.411720066,0.9170760574160961,0.3987123084557953,103.90044454138281,1.0,candidate,False
unpaired_ingraph_20260603_014722,InGraph,pillar_like,34,ever_strong,False,1,0.0,57.0,0.0,0.0,-2.053495718,6.532498424,0.7863459528297954,0.6177864052147807,-120.19441563829021,1.0,candidate,False
unpaired_ingraph_20260603_014722,InGraph,wall_like,35,ever_strong,False,1,0.0,206.0,0.0,0.0,-4.490328088,-0.883315949,0.9885888254028248,-0.15063908619167618,4.316824154161903,1.739700675,candidate,False
unpaired_ingraph_20260603_014722,InGraph,pipe_like,36,ever_strong,True,82,28.79151439666748,21.5,18.844731544098487,165.5951716516719,-0.173228943,1.415961987,0.3503409279523198,-0.9366222473342748,47.679017707436174,1.0,confirmed,True
unpaired_ingraph_20260603_014722,InGraph,wall_like,37,ever_strong,False,2,1.3799951076507568,106.5,1.312597295459636e-13,0.24927847933990827,-4.298769934,4.42726923,0.20595222816839473,0.9785620469405472,-3.449967037136181,1.822457075,weak_tracked,False
unpaired_ingraph_20260603_014722,InGraph,wall_like,38,ever_strong,True,62,13.019914865493774,171.08064516129033,0.19008848060492134,0.015556794148990962,-1.692774296,2.645813739,0.7443017799341473,0.6678434400268227,-0.5090543429054236,1.644061327,stale,True
unpaired_ingraph_20260603_014722,InGraph,wall_like,39,ever_strong,True,104,25.611539602279663,327.33653846153845,0.364303033732729,0.024390494398112524,0.786078165,4.684232793,0.1286397145054461,0.9916913954713721,-4.759834110217862,3.089722157,stale,True
unpaired_ingraph_20260603_014722,InGraph,wall_like,40,ever_strong,False,1,0.0,55.0,0.0,0.0,4.473455896,5.435587781,0.150337133958908,0.9886347890667319,-6.046351631607724,2.5039711,candidate,False
unpaired_ingraph_20260603_014722,InGraph,pillar_like,41,ever_strong,False,1,0.0,53.0,0.0,0.0,0.741840435,5.627320027,0.1738458624321449,0.9847728753957552,-211.1865169005797,1.0,candidate,False
unpaired_ingraph_20260603_014722,InGraph,pillar_like,42,ever_strong,False,1,0.0,28.0,0.0,0.0,-1.066162153,6.114734806,0.5310703998402703,-0.8473276995433913,308.97646363695355,1.0,candidate,False
unpaired_ingraph_20260603_014722,InGraph,wall_like,43,ever_strong,False,1,0.0,135.0,0.0,0.0,-3.49857992,4.97943706,0.9868974269626032,-0.16134890348122385,4.27929317552002,1.725549698,candidate,False
unpaired_ingraph_20260603_014722,InGraph,pipe_like,44,ever_strong,True,75,22.794549465179443,15.453333333333333,16.364181185907402,132.42787144227816,-0.56617598,-1.089279439,0.787336013198109,0.6165241295531806,132.57610613089403,1.0,stale,True
unpaired_ingraph_20260603_014722,InGraph,wall_like,46,ever_strong,False,3,4.001975059509277,304.3333333333333,0.8439532453548265,0.028486758619061036,-1.485064312,-4.738610492,0.36050384570995103,0.9327577269732671,4.955995229896324,4.247699261,weak_tracked,False
unpaired_ingraph_20260603_014722,InGraph,pillar_like,47,ever_strong,False,1,0.0,101.0,0.0,0.0,-3.16926707,3.415744507,0.593596509665758,-0.804762812083554,760.0889017493647,1.0,candidate,False
unpaired_ingraph_20260603_014722,InGraph,wall_like,48,ever_strong,False,2,0.15899968147277832,128.5,6.269673579860317e-12,0.005962948681666284,5.072171946,5.364651644,0.15461881098136437,0.9879742017333799,-6.086130860802716,2.597149372,weak_tracked,False
unpaired_ingraph_20260603_014722,InGraph,wall_like,49,ever_strong,True,69,20.973564386367798,327.7536231884058,0.3446417970433786,0.062344424217332044,3.453145466,5.700488757,0.14450000836956609,0.9895047991703705,-6.139958040285045,5.870315075,stale,True
unpaired_ingraph_20260603_014722,InGraph,pillar_like,50,ever_strong,False,2,0.2189950942993164,102.0,0.0,162.48654763153186,-5.331256224,3.991114317,0.7566116157540916,-0.6538645600626958,457.8405449946124,1.0,weak_tracked,False
unpaired_ingraph_20260603_014722,InGraph,wall_like,51,ever_strong,False,1,0.0,170.0,0.0,0.0,-5.324192951,3.956622718,0.9894007329828851,-0.14521084523178626,5.842464757591269,1.482489347,candidate,False
unpaired_ingraph_20260603_014722,InGraph,wall_like,52,ever_strong,False,1,0.0,196.0,0.0,0.0,-5.349323831,3.862850775,0.9892849452743558,-0.1459975926291756,5.856189716632655,1.471162319,candidate,False
unpaired_ingraph_20260603_014722,InGraph,wall_like,53,ever_strong,False,1,0.0,197.0,0.0,0.0,-5.35822771,3.865626937,0.9891456791019249,-0.14693816901673948,5.8684690850724,1.787479401,candidate,False
unpaired_ingraph_20260603_014722,InGraph,wall_like,54,ever_strong,False,1,0.0,180.0,0.0,0.0,-5.359368463,3.837580992,0.9888332031507934,-0.14902649545145266,5.871994673333673,1.857561231,candidate,False
unpaired_ingraph_20260603_014722,InGraph,pillar_like,55,ever_strong,False,1,0.0,46.0,0.0,0.0,-3.915225839,-5.145728976,0.6616044257747128,-0.7498530414656678,-86.72218705951923,1.0,candidate,False
unpaired_ingraph_20260603_014722,InGraph,wall_like,56,ever_strong,True,12,3.4199745655059814,224.5,0.18288029669089403,0.020815579357382798,-5.544842719,3.189628416,0.9908890191923408,-0.13468092531624784,5.9240224456603086,6.030276775,confirmed,True
unpaired_ingraph_20260603_014722,InGraph,pillar_like,57,ever_strong,False,1,0.0,28.0,0.0,0.0,-3.01275168,4.057276168,0.7740204770982262,-0.6331605649696089,443.3669922134827,1.0,candidate,False
unpaired_ingraph_20260603_014722,InGraph,pillar_like,58,ever_strong,False,1,0.0,80.0,0.0,0.0,-4.081240301,2.202113921,0.7175935104827729,-0.6964621696208707,341.54205455585463,1.0,candidate,False
unpaired_ingraph_20260603_014722,InGraph,pipe_like,59,ever_strong,False,3,4.799965143203735,10.666666666666666,9.671281722328995,53.656702681414124,0.409373656,-4.381034848,0.3654508864651265,-0.9308306234658661,-32.47443952588243,1.0,weak_tracked,False
unpaired_ingraph_20260603_014722,InGraph,wall_like,60,ever_strong,False,1,0.0,111.0,0.0,0.0,-2.099498181,6.381300915,0.1374218969713115,0.9905126057919739,-6.032961467498242,4.035425186,candidate,False
unpaired_ingraph_20260603_014722,InGraph,wall_like,61,ever_strong,False,1,0.0,60.0,0.0,0.0,-7.314099965,-10.1465763,0.9941870482774346,-0.10766667561228907,6.179290311601131,1.051329613,candidate,False
unpaired_ingraph_20260603_014722,InGraph,pipe_like,62,ever_strong,False,1,0.0,10.0,0.0,0.0,-0.267404472,1.208669063,0.5070756066357913,-0.8619015774175983,95.67845615228595,1.0,candidate,False
unpaired_ingraph_20260603_014722,InGraph,wall_like,63,ever_strong,False,3,1.4159951210021973,93.33333333333333,0.4945241481748029,0.08951031073819049,-1.915648931,6.405746787,0.1392682560076851,0.9902546909096558,-6.085111103617538,4.218326092,weak_tracked,False
unpaired_ingraph_20260603_014722,InGraph,wall_like,64,ever_strong,False,2,0.20099997520446777,77.0,0.0,0.14041173123894785,14.717538582,4.09307892,0.14688336220433304,0.9891538191340873,-6.21422161327247,2.085152626,weak_tracked,False
unpaired_ingraph_20260603_014722,InGraph,wall_like,68,ever_strong,True,25,7.014649391174316,104.64,0.3383838373471438,0.02958894604077246,-2.096216039,6.380734277,0.12119683158938335,0.9926284944593797,-6.087289319451994,3.305958748,stale,True
unpaired_ingraph_20260603_014722,InGraph,wall_like,69,ever_strong,False,5,12.213619470596313,207.4,1.0331633557746802,0.03047311804658604,5.575354684,-0.664344656,0.9982070873166716,-0.059854914842196016,-5.606129704164687,7.098763466,weak_tracked,False
unpaired_ingraph_20260603_014722,InGraph,wall_like,70,ever_strong,False,1,0.0,53.0,0.0,0.0,5.757864615,0.947255239,0.9992976503450817,0.037472736953667686,-5.789609601143178,1.0,candidate,False
unpaired_ingraph_20260603_014722,InGraph,pipe_like,71,ever_strong,False,1,0.0,14.0,0.0,0.0,0.295931472,-4.195551361,0.9995073709288195,-0.03138495593368076,-23.837654950545367,1.0,candidate,False
unpaired_ingraph_20260603_014722,InGraph,wall_like,72,ever_strong,False,2,0.44099998474121094,68.0,0.0,0.05075808654696071,15.120851849,3.988510962,0.14969813299242618,0.988731747734734,-6.212341916497652,2.474802971,weak_tracked,False
unpaired_ingraph_20260603_014722,InGraph,pillar_like,74,ever_strong,False,1,0.0,30.0,0.0,0.0,-0.526574915,-1.064667297,0.9537127507458395,0.3007191198856573,31.043803313101595,1.0,candidate,False
unpaired_ingraph_20260603_014722,InGraph,wall_like,77,ever_strong,True,16,4.997964859008789,95.8125,0.2443247296859361,0.025302316620137325,4.484519075,5.578947834,0.14664881157202214,0.9891886200641986,-6.17798730089978,1.213198423,stale,True
unpaired_ingraph_20260603_014722,InGraph,pillar_like,78,ever_strong,False,2,0.40199995040893555,146.0,0.0,155.85612663303326,3.166639419,-4.677773308,0.8450812699048039,-0.5346378655277645,-531.9176884385105,1.050187588,weak_tracked,False
unpaired_ingraph_20260603_014722,InGraph,wall_like,79,ever_strong,True,47,10.989624500274658,72.04255319148936,0.15661066727032738,0.0189384308129775,15.774562695,4.055490176,0.12777212797017704,0.9918035507669716,-6.039982848320295,2.802322388,stale,True
unpaired_ingraph_20260603_014722,InGraph,pillar_like,80,ever_strong,False,1,0.0,32.0,0.0,0.0,6.666281976,4.348448635,0.056023646129815426,0.9984294422112768,-419.2573594483295,1.0,candidate,False
unpaired_ingraph_20260603_014722,InGraph,wall_like,81,ever_strong,False,1,0.0,201.0,0.0,0.0,-4.484053773,0.734839595,0.9850192437207826,-0.17244445337481093,4.668270030143593,4.81586647,candidate,False
unpaired_ingraph_20260603_014722,InGraph,wall_like,82,ever_strong,False,1,0.0,135.0,0.0,0.0,10.471624513,4.773234964,0.12937480725678432,0.9915957640325365,-6.087882574467457,4.016481876,candidate,False
unpaired_ingraph_20260603_014722,InGraph,wall_like,83,ever_strong,False,1,0.0,85.0,0.0,0.0,11.046375767,4.722587392,0.12574765369577845,0.9920622599363442,-6.074284260042998,3.264967918,candidate,False
unpaired_ingraph_20260603_014722,InGraph,wall_like,85,ever_strong,False,2,0.1979997158050537,186.0,0.0,0.011616150916894077,0.154886618,6.162755437,0.14872813603808765,0.9888781226979572,-6.120824208169553,4.172439098,weak_tracked,False
unpaired_sgraphs_walls_pillars_2,S-Graphs,wall_like,x:4,observations>=20,True,59,152.60010313987732,1271.915254237288,0.4640065457396438,0.09870063649834154,-2.683020175425563,-11.202545410771398,0.8039467908966188,-0.5947012337359224,-4.51133365890529,11.054663743466735,published_plane,
unpaired_sgraphs_walls_pillars_2,S-Graphs,wall_like,y:16,observations>=20,True,51,126.40050745010376,114.0,0.37957277887033847,0.10898405007713019,-16.71882111878342,-6.573643936654355,0.6091423513570622,0.7930609029470495,15.308778887855505,2.221499250698009,published_plane,
unpaired_sgraphs_walls_pillars_2,S-Graphs,wall_like,x:19,observations>=20,True,50,122.89783263206482,115.0,0.3913291867208127,0.12495529287461121,-15.22908405151801,-6.493095796601576,0.8166964881736136,-0.5770674537737217,8.662202890996543,1.1477147568119475,published_plane,
unpaired_sgraphs_walls_pillars_2,S-Graphs,wall_like,x:32,observations>=20,True,40,93.00098085403442,143.0,0.4247265980488069,0.14176290656226087,-18.001266179176334,-5.725861388849246,0.7164333632504923,0.6976555281953897,17.01645685863225,1.4470262247285093,published_plane,
unpaired_sgraphs_walls_pillars_2,S-Graphs,wall_like,y:43,observations>=20,True,31,68.00090169906616,451.0,0.3980490790817148,0.10864507193600642,-3.2602333924767675,-10.81665829714932,0.6393776192298224,-0.7688928794233982,-6.5373931497155,11.024580139130892,published_plane,
unpaired_sgraphs_walls_pillars_2,S-Graphs,wall_like,y:53,observations>=20,True,25,47.79963254928589,963.72,0.38838553901766687,0.16141215653157928,-13.899052444821558,5.017480783672252,0.5873590208365872,0.8093264981710938,4.014478625178038,6.320234302078561,published_plane,
unpaired_sgraphs_walls_pillars_2,S-Graphs,wall_like,x:57,observations>=20,True,21,37.20016169548035,157.0,0.41620285192009504,0.1065759006807751,-21.591671339702188,9.148945436929173,0.8196539063387673,-0.5728590348625037,23.015708506709977,2.1213377851438464,published_plane,
unpaired_sgraphs_walls_pillars_2,S-Graphs,wall_like,y:58,observations>=20,True,21,37.20016169548035,845.2380952380952,0.4023013295714655,0.1819804618562271,-14.651897172114735,5.624748297551479,0.5637481522503082,0.8259467421295172,3.6088542897784843,5.463293074165938,published_plane,
unpaired_sgraphs_walls_pillars_2,S-Graphs,wall_like,x:61,observations>=20,True,20,34.398539781570435,123.0,0.36282296306542067,0.08290492777985096,-25.328087108759643,7.029541014748129,0.90547916435061,-0.4243907196522103,25.961676547701963,2.458982063674181,published_plane,
unpaired_sgraphs_walls_pillars_2,S-Graphs,wall_like,x:63,observations>=20,False,16,23.00009512901306,716.25,2.1606198475263114,0.05881282656825429,-22.220791303337737,9.144678405504372,0.8724251260724952,-0.48874778710229544,23.737813670426654,3.8367655484111403,published_plane,
unpaired_sgraphs_walls_pillars_2,S-Graphs,wall_like,y:70,observations>=20,False,12,11.401118516921997,288.8333333333333,0.14791109780074288,0.05620855983040217,-14.837916378591402,5.529471543920697,0.5562291174531478,0.8310289819839572,3.4827639245648765,4.313919452968143,published_plane,
unpaired_sgraphs_walls_pillars_2,S-Graphs,wall_like,x:75,observations>=20,False,10,5.2011566162109375,209.0,4.204097482211101e-05,4.3331362981573595e-06,-10.514762967200022,7.210567074714888,0.858486874633794,-0.5128355351196916,12.571982984354413,3.7406121308039375,published_plane,
unpaired_sgraphs_walls_pillars_2,S-Graphs,wall_like,y:77,observations>=20,False,9,0.0,133.0,0.0,0.0,-13.02920338252529,4.8059376908176095,0.5830885175557835,0.8124086291359779,3.637965121487809,3.4168946320804654,published_plane,
