stamp_sec,stamp_nanosec,stamp,message_frame_id,plane_group,plane_id,plane_frame_id,nx_map,ny_map,nz_map,d_map,nx_odom,ny_odom,nz_odom,d_odom,point_count,centroid_x_map,centroid_y_map,centroid_z_map,centroid_x_odom,centroid_y_odom,centroid_z_odom,extent_x_map,extent_y_map,extent_z_map,data_source,map_to_odom_available,odom2map_stamp,odom2map_dt,odom2map_frame_id,odom2map_child_frame_id
1778158926,474384536,1778158926.4743845,,x,3,,-0.9245688306606293,0.37738296338150346,0.05248405777216032,4.171248912811279,,,,,430,2.3675468929978303,-5.381910201283389,0.9355445097005645,,,,6.244705319404602,15.457261323928833,2.715783953666687,Online,false,,,,
1778158926,474384536,1778158926.4743845,,y,4,,-0.3713471579100103,-0.9283431737486875,-0.016740372348680664,2.786895275115967,,,,,180,0.42258465157614816,2.8112579663594564,1.3165822989410825,,,,2.7865735292434692,1.1047182083129883,1.2358481884002686,Online,false,,,,
1778158929,876087833,1778158929.876088,,x,3,,-0.9245688306606293,0.37738296338150346,0.05248405777216032,4.171248912811279,,,,,430,2.3675468929978303,-5.381910201283389,0.9355445097005645,,,,6.244705319404602,15.457261323928833,2.715783953666687,Online,false,,,,
1778158929,876087833,1778158929.876088,,y,4,,-0.3713471579100103,-0.9283431737486875,-0.016740372348680664,2.786895275115967,,,,,180,0.42258465157614816,2.8112579663594564,1.3165822989410825,,,,2.7865735292434692,1.1047182083129883,1.2358481884002686,Online,false,,,,
1778158932,874998280,1778158932.8749983,,x,3,,-0.9245688306606293,0.37738296338150346,0.05248405777216032,4.171248912811279,,,,,430,2.3675468929978303,-5.381910201283389,0.9355445097005645,,,,6.244705319404602,15.457261323928833,2.715783953666687,Online,false,,,,
1778158932,874998280,1778158932.8749983,,y,4,,-0.3713471579100103,-0.9283431737486875,-0.016740372348680664,2.786895275115967,,,,,180,0.42258465157614816,2.8112579663594564,1.3165822989410825,,,,2.7865735292434692,1.1047182083129883,1.2358481884002686,Online,false,,,,
1778158935,874212786,1778158935.8742127,,x,3,,-0.9245688306606293,0.37738296338150346,0.05248405777216032,4.171248912811279,,,,,430,2.3675468929978303,-5.381910201283389,0.9355445097005645,,,,6.244705319404602,15.457261323928833,2.715783953666687,Online,false,,,,
1778158935,874212786,1778158935.8742127,,y,4,,-0.3713471579100103,-0.9283431737486875,-0.016740372348680664,2.786895275115967,,,,,180,0.42258465157614816,2.8112579663594564,1.3165822989410825,,,,2.7865735292434692,1.1047182083129883,1.2358481884002686,Online,false,,,,
1778158938,975718897,1778158938.975719,,x,3,,-0.9245688306606293,0.37738296338150346,0.05248405777216032,4.171248912811279,,,,,430,2.3675468929978303,-5.381910201283389,0.9355445097005645,,,,6.244705319404602,15.457261323928833,2.715783953666687,Online,false,,,,
1778158938,975718897,1778158938.975719,,y,4,,-0.3713471579100103,-0.9283431737486875,-0.016740372348680664,2.786895275115967,,,,,180,0.42258465157614816,2.8112579663594564,1.3165822989410825,,,,2.7865735292434692,1.1047182083129883,1.2358481884002686,Online,false,,,,
1778158942,74559401,1778158942.0745595,,x,3,,-0.9245688306606293,0.37738296338150346,0.05248405777216032,4.171248912811279,,,,,430,2.3675468929978303,-5.381910201283389,0.9355445097005645,,,,6.244705319404602,15.457261323928833,2.715783953666687,Online,false,,,,
1778158942,74559401,1778158942.0745595,,y,13,,-0.6587524354853785,-0.7513308457555781,0.0393343229036707,-4.829274654388428,,,,,539,-12.710053834932854,4.696155252615906,-0.1697099503261039,,,,4.101335525512695,3.533810615539551,2.646762251853943,Online,false,,,,
1778158942,74559401,1778158942.0745595,,y,4,,-0.3713471579100103,-0.9283431737486875,-0.016740372348680664,2.786895275115967,,,,,180,0.42258465157614816,2.8112579663594564,1.3165822989410825,,,,2.7865735292434692,1.1047182083129883,1.2358481884002686,Online,false,,,,
1778158945,474499382,1778158945.4744995,,x,3,,-0.9245688306606293,0.37738296338150346,0.05248405777216032,4.171248912811279,,,,,430,2.3675468929978303,-5.381910201283389,0.9355445097005645,,,,6.244705319404602,15.457261323928833,2.715783953666687,Online,false,,,,
1778158945,474499382,1778158945.4744995,,y,13,,-0.6587524354853785,-0.7513308457555781,0.0393343229036707,-4.829274654388428,,,,,948,-12.718122220743558,4.581401654436618,-0.1253181930144125,,,,4.101335525512695,3.533810615539551,2.705995202064514,Online,false,,,,
1778158945,474499382,1778158945.4744995,,y,4,,-0.3713471579100103,-0.9283431737486875,-0.016740372348680664,2.786895275115967,,,,,180,0.42258465157614816,2.8112579663594564,1.3165822989410825,,,,2.7865735292434692,1.1047182083129883,1.2358481884002686,Online,false,,,,
1778158949,73664916,1778158949.073665,,x,17,,-0.7090451368509185,-0.7051342971569358,-0.006373137457814255,-5.41626501083374,,,,,105,-10.952464784894671,3.3370093913305374,-0.3603909086613428,,,,0.7024574279785156,0.7022676467895508,1.9876289367675781,Online,false,,,,
1778158949,73664916,1778158949.073665,,x,3,,-0.9245688306606293,0.37738296338150346,0.05248405777216032,4.171248912811279,,,,,430,2.3675468929978303,-5.381910201283389,0.9355445097005645,,,,6.244705319404602,15.457261323928833,2.715783953666687,Online,false,,,,
1778158949,73664916,1778158949.073665,,y,13,,-0.6587524354853785,-0.7513308457555781,0.0393343229036707,-4.829274654388428,,,,,948,-12.718122220743558,4.581401654436618,-0.1253181930144125,,,,4.101335525512695,3.533810615539551,2.705995202064514,Online,false,,,,
1778158949,73664916,1778158949.073665,,y,4,,-0.3713471579100103,-0.9283431737486875,-0.016740372348680664,2.786895275115967,,,,,180,0.42258465157614816,2.8112579663594564,1.3165822989410825,,,,2.7865735292434692,1.1047182083129883,1.2358481884002686,Online,false,,,,
1778158949,73664916,1778158949.073665,,x,17,,-0.7090451368509185,-0.7051342971569358,-0.006373137457814255,-5.41626501083374,,,,,105,-10.952464784894671,3.3370093913305374,-0.3603909086613428,,,,0.7024574279785156,0.7022676467895508,1.9876289367675781,Online,false,,,,
1778158949,73664916,1778158949.073665,,x,3,,-0.9245688306606293,0.37738296338150346,0.05248405777216032,4.171248912811279,,,,,430,2.3675468929978303,-5.381910201283389,0.9355445097005645,,,,6.244705319404602,15.457261323928833,2.715783953666687,Online,false,,,,
1778158949,73664916,1778158949.073665,,y,13,,-0.6587524354853785,-0.7513308457555781,0.0393343229036707,-4.829274654388428,,,,,948,-12.718122220743558,4.581401654436618,-0.1253181930144125,,,,4.101335525512695,3.533810615539551,2.705995202064514,Online,false,,,,
1778158949,73664916,1778158949.073665,,y,4,,-0.3713471579100103,-0.9283431737486875,-0.016740372348680664,2.786895275115967,,,,,180,0.42258465157614816,2.8112579663594564,1.3165822989410825,,,,2.7865735292434692,1.1047182083129883,1.2358481884002686,Online,false,,,,
1778158953,74942854,1778158953.0749428,,x,17,,-0.7090451368509185,-0.7051342971569358,-0.006373137457814255,-5.41626501083374,,,,,105,-10.952464784894671,3.3370093913305374,-0.3603909086613428,,,,0.7024574279785156,0.7022676467895508,1.9876289367675781,Online,false,,,,
1778158953,74942854,1778158953.0749428,,x,3,,-0.9245688306606293,0.37738296338150346,0.05248405777216032,4.171248912811279,,,,,430,2.3675468929978303,-5.381910201283389,0.9355445097005645,,,,6.244705319404602,15.457261323928833,2.715783953666687,Online,false,,,,
1778158953,74942854,1778158953.0749428,,y,13,,-0.6587524354853785,-0.7513308457555781,0.0393343229036707,-4.829274654388428,,,,,948,-12.718122220743558,4.581401654436618,-0.1253181930144125,,,,4.101335525512695,3.533810615539551,2.705995202064514,Online,false,,,,
1778158953,74942854,1778158953.0749428,,y,4,,-0.3713471579100103,-0.9283431737486875,-0.016740372348680664,2.786895275115967,,,,,180,0.42258465157614816,2.8112579663594564,1.3165822989410825,,,,2.7865735292434692,1.1047182083129883,1.2358481884002686,Online,false,,,,
1778158956,375239247,1778158956.3752391,,x,17,,-0.7090451368509185,-0.7051342971569358,-0.006373137457814255,-5.41626501083374,,,,,105,-10.952464784894671,3.3370093913305374,-0.3603909086613428,,,,0.7024574279785156,0.7022676467895508,1.9876289367675781,Online,false,,,,
1778158956,375239247,1778158956.3752391,,x,3,,-0.9245688306606293,0.37738296338150346,0.05248405777216032,4.171248912811279,,,,,430,2.3675468929978303,-5.381910201283389,0.9355445097005645,,,,6.244705319404602,15.457261323928833,2.715783953666687,Online,false,,,,
1778158956,375239247,1778158956.3752391,,y,13,,-0.6587524354853785,-0.7513308457555781,0.0393343229036707,-4.829274654388428,,,,,948,-12.718122220743558,4.581401654436618,-0.1253181930144125,,,,4.101335525512695,3.533810615539551,2.705995202064514,Online,false,,,,
1778158956,375239247,1778158956.3752391,,y,4,,-0.3713471579100103,-0.9283431737486875,-0.016740372348680664,2.786895275115967,,,,,180,0.42258465157614816,2.8112579663594564,1.3165822989410825,,,,2.7865735292434692,1.1047182083129883,1.2358481884002686,Online,false,,,,
1778158961,175522249,1778158961.1755223,,x,23,,0.8037473804956192,-0.5949414554222299,-0.005900251393737177,8.105596542358398,,,,,108,-15.070625993940565,-6.734790903550607,0.04890725568488792,,,,0.9159669876098633,1.2440109252929688,1.931503415107727,Online,false,,,,
1778158961,175522249,1778158961.1755223,,x,17,,-0.7090451368509185,-0.7051342971569358,-0.006373137457814255,-5.41626501083374,,,,,105,-10.952464784894671,3.3370093913305374,-0.3603909086613428,,,,0.7024574279785156,0.7022676467895508,1.9876289367675781,Online,false,,,,
1778158961,175522249,1778158961.1755223,,x,3,,-0.9245688306606293,0.37738296338150346,0.05248405777216032,4.171248912811279,,,,,430,2.3675468929978303,-5.381910201283389,0.9355445097005645,,,,6.244705319404602,15.457261323928833,2.715783953666687,Online,false,,,,
1778158961,175522249,1778158961.1755223,,y,13,,-0.6587524354853785,-0.7513308457555781,0.0393343229036707,-4.829274654388428,,,,,948,-12.718122220743558,4.581401654436618,-0.1253181930144125,,,,4.101335525512695,3.533810615539551,2.705995202064514,Online,false,,,,
1778158961,175522249,1778158961.1755223,,y,4,,-0.3713471579100103,-0.9283431737486875,-0.016740372348680664,2.786895275115967,,,,,180,0.42258465157614816,2.8112579663594564,1.3165822989410825,,,,2.7865735292434692,1.1047182083129883,1.2358481884002686,Online,false,,,,
1778158963,473628011,1778158963.473628,,x,23,,0.8037473804956192,-0.5949414554222299,-0.005900251393737177,8.105596542358398,,,,,108,-15.070625993940565,-6.734790903550607,0.04890725568488792,,,,0.9159669876098633,1.2440109252929688,1.931503415107727,Online,false,,,,
1778158963,473628011,1778158963.473628,,x,17,,-0.7090451368509185,-0.7051342971569358,-0.006373137457814255,-5.41626501083374,,,,,105,-10.952464784894671,3.3370093913305374,-0.3603909086613428,,,,0.7024574279785156,0.7022676467895508,1.9876289367675781,Online,false,,,,
1778158963,473628011,1778158963.473628,,x,3,,-0.9245688306606293,0.37738296338150346,0.05248405777216032,4.171248912811279,,,,,430,2.3675468929978303,-5.381910201283389,0.9355445097005645,,,,6.244705319404602,15.457261323928833,2.715783953666687,Online,false,,,,
1778158963,473628011,1778158963.473628,,y,13,,-0.6587524354853785,-0.7513308457555781,0.0393343229036707,-4.829274654388428,,,,,948,-12.718122220743558,4.581401654436618,-0.1253181930144125,,,,4.101335525512695,3.533810615539551,2.705995202064514,Online,false,,,,
1778158963,473628011,1778158963.473628,,y,4,,-0.3713471579100103,-0.9283431737486875,-0.016740372348680664,2.786895275115967,,,,,180,0.42258465157614816,2.8112579663594564,1.3165822989410825,,,,2.7865735292434692,1.1047182083129883,1.2358481884002686,Online,false,,,,
1778158965,672432659,1778158965.6724327,,x,28,,-0.762808730012807,0.6465371165279183,0.010611237817210621,5.492013931274414,,,,,668,-2.4647871866197644,-11.414169337221248,0.7464728937623744,,,,7.270529270172119,8.59446907043457,1.87692591547966,Online,false,,,,
1778158965,672432659,1778158965.6724327,,x,23,,0.8037473804956192,-0.5949414554222299,-0.005900251393737177,8.105596542358398,,,,,108,-15.070625993940565,-6.734790903550607,0.04890725568488792,,,,0.9159669876098633,1.2440109252929688,1.931503415107727,Online,false,,,,
1778158965,672432659,1778158965.6724327,,x,17,,-0.7090451368509185,-0.7051342971569358,-0.006373137457814255,-5.41626501083374,,,,,105,-10.952464784894671,3.3370093913305374,-0.3603909086613428,,,,0.7024574279785156,0.7022676467895508,1.9876289367675781,Online,false,,,,
1778158965,672432659,1778158965.6724327,,x,3,,-0.9245688306606293,0.37738296338150346,0.05248405777216032,4.171248912811279,,,,,430,2.3675468929978303,-5.381910201283389,0.9355445097005645,,,,6.244705319404602,15.457261323928833,2.715783953666687,Online,false,,,,
1778158965,672432659,1778158965.6724327,,y,13,,-0.6587524354853785,-0.7513308457555781,0.0393343229036707,-4.829274654388428,,,,,948,-12.718122220743558,4.581401654436618,-0.1253181930144125,,,,4.101335525512695,3.533810615539551,2.705995202064514,Online,false,,,,
1778158965,672432659,1778158965.6724327,,y,4,,-0.3713471579100103,-0.9283431737486875,-0.016740372348680664,2.786895275115967,,,,,180,0.42258465157614816,2.8112579663594564,1.3165822989410825,,,,2.7865735292434692,1.1047182083129883,1.2358481884002686,Online,false,,,,
1778158970,172781686,1778158970.1727817,,x,28,,-0.762808730012807,0.6465371165279183,0.010611237817210621,5.492013931274414,,,,,1278,-0.6145434206080549,-9.415686467257277,0.8973518032143374,,,,11.42034387588501,12.69224500656128,2.1143954694271088,Online,false,,,,
1778158970,172781686,1778158970.1727817,,x,23,,0.8037473804956192,-0.5949414554222299,-0.005900251393737177,8.105596542358398,,,,,108,-15.070625993940565,-6.734790903550607,0.04890725568488792,,,,0.9159669876098633,1.2440109252929688,1.931503415107727,Online,false,,,,
1778158970,172781686,1778158970.1727817,,x,17,,-0.7090451368509185,-0.7051342971569358,-0.006373137457814255,-5.41626501083374,,,,,105,-10.952464784894671,3.3370093913305374,-0.3603909086613428,,,,0.7024574279785156,0.7022676467895508,1.9876289367675781,Online,false,,,,
1778158970,172781686,1778158970.1727817,,x,3,,-0.9245688306606293,0.37738296338150346,0.05248405777216032,4.171248912811279,,,,,430,2.3675468929978303,-5.381910201283389,0.9355445097005645,,,,6.244705319404602,15.457261323928833,2.715783953666687,Online,false,,,,
1778158970,172781686,1778158970.1727817,,y,33,,-0.6166801897371809,0.7869202301539076,-0.021496394121703028,6.696384429931641,,,,,136,-0.3462899669128306,-8.765785631011514,0.5892589596264503,,,,3.2879586219787598,2.588899612426758,0.9692314267158508,Online,false,,,,
1778158970,172781686,1778158970.1727817,,y,32,,-0.6174610701806728,0.7863429591980032,0.02016376282011251,6.645115852355957,,,,,103,-0.46823309810416214,-8.82928261710602,0.37976526259218607,,,,4.087337493896484,3.2454652786254883,2.2792534828186035,Online,false,,,,
1778158970,172781686,1778158970.1727817,,y,13,,-0.6587524354853785,-0.7513308457555781,0.0393343229036707,-4.829274654388428,,,,,948,-12.718122220743558,4.581401654436618,-0.1253181930144125,,,,4.101335525512695,3.533810615539551,2.705995202064514,Online,false,,,,
1778158970,172781686,1778158970.1727817,,y,4,,-0.3713471579100103,-0.9283431737486875,-0.016740372348680664,2.786895275115967,,,,,180,0.42258465157614816,2.8112579663594564,1.3165822989410825,,,,2.7865735292434692,1.1047182083129883,1.2358481884002686,Online,false,,,,
1778158972,472679412,1778158972.4726794,,x,28,,-0.762808730012807,0.6465371165279183,0.010611237817210621,5.492013931274414,,,,,1278,-0.6145434206080549,-9.415686467257277,0.8973518032143374,,,,11.42034387588501,12.69224500656128,2.1143954694271088,Online,false,,,,
1778158972,472679412,1778158972.4726794,,x,23,,0.8037473804956192,-0.5949414554222299,-0.005900251393737177,8.105596542358398,,,,,108,-15.070625993940565,-6.734790903550607,0.04890725568488792,,,,0.9159669876098633,1.2440109252929688,1.931503415107727,Online,false,,,,
1778158972,472679412,1778158972.4726794,,x,17,,-0.7090451368509185,-0.7051342971569358,-0.006373137457814255,-5.41626501083374,,,,,105,-10.952464784894671,3.3370093913305374,-0.3603909086613428,,,,0.7024574279785156,0.7022676467895508,1.9876289367675781,Online,false,,,,
1778158972,472679412,1778158972.4726794,,x,3,,-0.9245688306606293,0.37738296338150346,0.05248405777216032,4.171248912811279,,,,,430,2.3675468929978303,-5.381910201283389,0.9355445097005645,,,,6.244705319404602,15.457261323928833,2.715783953666687,Online,false,,,,
1778158972,472679412,1778158972.4726794,,y,33,,-0.6166801897371809,0.7869202301539076,-0.021496394121703028,6.696384429931641,,,,,136,-0.3462899669128306,-8.765785631011514,0.5892589596264503,,,,3.2879586219787598,2.588899612426758,0.9692314267158508,Online,false,,,,
1778158972,472679412,1778158972.4726794,,y,32,,-0.6174610701806728,0.7863429591980032,0.02016376282011251,6.645115852355957,,,,,103,-0.46823309810416214,-8.82928261710602,0.37976526259218607,,,,4.087337493896484,3.2454652786254883,2.2792534828186035,Online,false,,,,
1778158972,472679412,1778158972.4726794,,y,13,,-0.6587524354853785,-0.7513308457555781,0.0393343229036707,-4.829274654388428,,,,,948,-12.718122220743558,4.581401654436618,-0.1253181930144125,,,,4.101335525512695,3.533810615539551,2.705995202064514,Online,false,,,,
1778158972,472679412,1778158972.4726794,,y,4,,-0.3713471579100103,-0.9283431737486875,-0.016740372348680664,2.786895275115967,,,,,180,0.42258465157614816,2.8112579663594564,1.3165822989410825,,,,2.7865735292434692,1.1047182083129883,1.2358481884002686,Online,false,,,,
1778158974,772739725,1778158974.7727396,,x,28,,-0.762808730012807,0.6465371165279183,0.010611237817210621,5.492013931274414,,,,,1278,-0.6145434206080549,-9.415686467257277,0.8973518032143374,,,,11.42034387588501,12.69224500656128,2.1143954694271088,Online,false,,,,
1778158974,772739725,1778158974.7727396,,x,23,,0.8037473804956192,-0.5949414554222299,-0.005900251393737177,8.105596542358398,,,,,108,-15.070625993940565,-6.734790903550607,0.04890725568488792,,,,0.9159669876098633,1.2440109252929688,1.931503415107727,Online,false,,,,
1778158974,772739725,1778158974.7727396,,x,17,,-0.7090451368509185,-0.7051342971569358,-0.006373137457814255,-5.41626501083374,,,,,105,-10.952464784894671,3.3370093913305374,-0.3603909086613428,,,,0.7024574279785156,0.7022676467895508,1.9876289367675781,Online,false,,,,
1778158974,772739725,1778158974.7727396,,x,3,,-0.9245688306606293,0.37738296338150346,0.05248405777216032,4.171248912811279,,,,,430,2.3675468929978303,-5.381910201283389,0.9355445097005645,,,,6.244705319404602,15.457261323928833,2.715783953666687,Online,false,,,,
1778158974,772739725,1778158974.7727396,,y,33,,-0.6166801897371809,0.7869202301539076,-0.021496394121703028,6.696384429931641,,,,,136,-0.3462899669128306,-8.765785631011514,0.5892589596264503,,,,3.2879586219787598,2.588899612426758,0.9692314267158508,Online,false,,,,
1778158974,772739725,1778158974.7727396,,y,32,,-0.6174610701806728,0.7863429591980032,0.02016376282011251,6.645115852355957,,,,,103,-0.46823309810416214,-8.82928261710602,0.37976526259218607,,,,4.087337493896484,3.2454652786254883,2.2792534828186035,Online,false,,,,
1778158974,772739725,1778158974.7727396,,y,13,,-0.6587524354853785,-0.7513308457555781,0.0393343229036707,-4.829274654388428,,,,,948,-12.718122220743558,4.581401654436618,-0.1253181930144125,,,,4.101335525512695,3.533810615539551,2.705995202064514,Online,false,,,,
1778158974,772739725,1778158974.7727396,,y,4,,-0.3713471579100103,-0.9283431737486875,-0.016740372348680664,2.786895275115967,,,,,180,0.42258465157614816,2.8112579663594564,1.3165822989410825,,,,2.7865735292434692,1.1047182083129883,1.2358481884002686,Online,false,,,,
1778158979,272819639,1778158979.2728198,,x,28,,-0.762808730012807,0.6465371165279183,0.010611237817210621,5.492013931274414,,,,,1278,-0.6145434206080549,-9.415686467257277,0.8973518032143374,,,,11.42034387588501,12.69224500656128,2.1143954694271088,Online,false,,,,
1778158979,272819639,1778158979.2728198,,x,23,,0.8037473804956192,-0.5949414554222299,-0.005900251393737177,8.105596542358398,,,,,108,-15.070625993940565,-6.734790903550607,0.04890725568488792,,,,0.9159669876098633,1.2440109252929688,1.931503415107727,Online,false,,,,
1778158979,272819639,1778158979.2728198,,x,17,,-0.7090451368509185,-0.7051342971569358,-0.006373137457814255,-5.41626501083374,,,,,105,-10.952464784894671,3.3370093913305374,-0.3603909086613428,,,,0.7024574279785156,0.7022676467895508,1.9876289367675781,Online,false,,,,
1778158979,272819639,1778158979.2728198,,x,3,,-0.9245688306606293,0.37738296338150346,0.05248405777216032,4.171248912811279,,,,,430,2.3675468929978303,-5.381910201283389,0.9355445097005645,,,,6.244705319404602,15.457261323928833,2.715783953666687,Online,false,,,,
1778158979,272819639,1778158979.2728198,,y,33,,-0.6166801897371809,0.7869202301539076,-0.021496394121703028,6.696384429931641,,,,,136,-0.3462899669128306,-8.765785631011514,0.5892589596264503,,,,3.2879586219787598,2.588899612426758,0.9692314267158508,Online,false,,,,
1778158979,272819639,1778158979.2728198,,y,32,,-0.6174610701806728,0.7863429591980032,0.02016376282011251,6.645115852355957,,,,,103,-0.46823309810416214,-8.82928261710602,0.37976526259218607,,,,4.087337493896484,3.2454652786254883,2.2792534828186035,Online,false,,,,
1778158979,272819639,1778158979.2728198,,y,13,,-0.6587524354853785,-0.7513308457555781,0.0393343229036707,-4.829274654388428,,,,,1211,-12.579455732413306,4.397005952556305,-0.2030188828879009,,,,4.101335525512695,3.7332215309143066,2.748507261276245,Online,false,,,,
1778158979,272819639,1778158979.2728198,,y,4,,-0.3713471579100103,-0.9283431737486875,-0.016740372348680664,2.786895275115967,,,,,180,0.42258465157614816,2.8112579663594564,1.3165822989410825,,,,2.7865735292434692,1.1047182083129883,1.2358481884002686,Online,false,,,,
1778158981,572949498,1778158981.5729494,,x,28,,-0.762808730012807,0.6465371165279183,0.010611237817210621,5.492013931274414,,,,,1278,-0.6145434206080549,-9.415686467257277,0.8973518032143374,,,,11.42034387588501,12.69224500656128,2.1143954694271088,Online,false,,,,
1778158981,572949498,1778158981.5729494,,x,23,,0.8037473804956192,-0.5949414554222299,-0.005900251393737177,8.105596542358398,,,,,108,-15.070625993940565,-6.734790903550607,0.04890725568488792,,,,0.9159669876098633,1.2440109252929688,1.931503415107727,Online,false,,,,
1778158981,572949498,1778158981.5729494,,x,17,,-0.7090451368509185,-0.7051342971569358,-0.006373137457814255,-5.41626501083374,,,,,105,-10.952464784894671,3.3370093913305374,-0.3603909086613428,,,,0.7024574279785156,0.7022676467895508,1.9876289367675781,Online,false,,,,
1778158981,572949498,1778158981.5729494,,x,3,,-0.9245688306606293,0.37738296338150346,0.05248405777216032,4.171248912811279,,,,,430,2.3675468929978303,-5.381910201283389,0.9355445097005645,,,,6.244705319404602,15.457261323928833,2.715783953666687,Online,false,,,,
1778158981,572949498,1778158981.5729494,,y,44,,-0.5818293581040663,-0.8133066739363175,0.0026176666813295174,-4.028538227081299,,,,,124,-13.147496838723459,4.4500651917149945,-0.9176233108005216,,,,2.5431060791015625,1.8129243850708008,0.8855039179325104,Online,false,,,,
1778158981,572949498,1778158981.5729494,,y,33,,-0.6166801897371809,0.7869202301539076,-0.021496394121703028,6.696384429931641,,,,,136,-0.3462899669128306,-8.765785631011514,0.5892589596264503,,,,3.2879586219787598,2.588899612426758,0.9692314267158508,Online,false,,,,
1778158981,572949498,1778158981.5729494,,y,32,,-0.6174610701806728,0.7863429591980032,0.02016376282011251,6.645115852355957,,,,,103,-0.46823309810416214,-8.82928261710602,0.37976526259218607,,,,4.087337493896484,3.2454652786254883,2.2792534828186035,Online,false,,,,
1778158981,572949498,1778158981.5729494,,y,13,,-0.6587524354853785,-0.7513308457555781,0.0393343229036707,-4.829274654388428,,,,,1500,-12.575819960912069,4.327414171695709,-0.22969449734687805,,,,4.101335525512695,3.7332215309143066,2.748507261276245,Online,false,,,,
1778158981,572949498,1778158981.5729494,,y,4,,-0.3713471579100103,-0.9283431737486875,-0.016740372348680664,2.786895275115967,,,,,180,0.42258465157614816,2.8112579663594564,1.3165822989410825,,,,2.7865735292434692,1.1047182083129883,1.2358481884002686,Online,false,,,,
1778158983,872531505,1778158983.8725314,,x,28,,-0.762808730012807,0.6465371165279183,0.010611237817210621,5.492013931274414,,,,,1278,-0.6145434206080549,-9.415686467257277,0.8973518032143374,,,,11.42034387588501,12.69224500656128,2.1143954694271088,Online,false,,,,
1778158983,872531505,1778158983.8725314,,x,23,,0.8037473804956192,-0.5949414554222299,-0.005900251393737177,8.105596542358398,,,,,108,-15.070625993940565,-6.734790903550607,0.04890725568488792,,,,0.9159669876098633,1.2440109252929688,1.931503415107727,Online,false,,,,
1778158983,872531505,1778158983.8725314,,x,17,,-0.7090451368509185,-0.7051342971569358,-0.006373137457814255,-5.41626501083374,,,,,105,-10.952464784894671,3.3370093913305374,-0.3603909086613428,,,,0.7024574279785156,0.7022676467895508,1.9876289367675781,Online,false,,,,
1778158983,872531505,1778158983.8725314,,x,3,,-0.9245688306606293,0.37738296338150346,0.05248405777216032,4.171248912811279,,,,,430,2.3675468929978303,-5.381910201283389,0.9355445097005645,,,,6.244705319404602,15.457261323928833,2.715783953666687,Online,false,,,,
1778158983,872531505,1778158983.8725314,,y,44,,-0.5818293581040663,-0.8133066739363175,0.0026176666813295174,-4.028538227081299,,,,,636,-13.214277597343397,4.540469443648116,-0.6887000033971649,,,,4.437389373779297,3.182189464569092,1.454349935054779,Online,false,,,,
1778158983,872531505,1778158983.8725314,,y,33,,-0.6166801897371809,0.7869202301539076,-0.021496394121703028,6.696384429931641,,,,,136,-0.3462899669128306,-8.765785631011514,0.5892589596264503,,,,3.2879586219787598,2.588899612426758,0.9692314267158508,Online,false,,,,
1778158983,872531505,1778158983.8725314,,y,32,,-0.6174610701806728,0.7863429591980032,0.02016376282011251,6.645115852355957,,,,,103,-0.46823309810416214,-8.82928261710602,0.37976526259218607,,,,4.087337493896484,3.2454652786254883,2.2792534828186035,Online,false,,,,
1778158983,872531505,1778158983.8725314,,y,13,,-0.6587524354853785,-0.7513308457555781,0.0393343229036707,-4.829274654388428,,,,,1500,-12.575819960912069,4.327414171695709,-0.22969449734687805,,,,4.101335525512695,3.7332215309143066,2.748507261276245,Online,false,,,,
1778158983,872531505,1778158983.8725314,,y,4,,-0.3713471579100103,-0.9283431737486875,-0.016740372348680664,2.786895275115967,,,,,180,0.42258465157614816,2.8112579663594564,1.3165822989410825,,,,2.7865735292434692,1.1047182083129883,1.2358481884002686,Online,false,,,,
1778158983,872531505,1778158983.8725314,,x,28,,-0.762808730012807,0.6465371165279183,0.010611237817210621,5.492013931274414,,,,,1278,-0.6145434206080549,-9.415686467257277,0.8973518032143374,,,,11.42034387588501,12.69224500656128,2.1143954694271088,Online,false,,,,
1778158983,872531505,1778158983.8725314,,x,23,,0.8037473804956192,-0.5949414554222299,-0.005900251393737177,8.105596542358398,,,,,108,-15.070625993940565,-6.734790903550607,0.04890725568488792,,,,0.9159669876098633,1.2440109252929688,1.931503415107727,Online,false,,,,
1778158983,872531505,1778158983.8725314,,x,17,,-0.7090451368509185,-0.7051342971569358,-0.006373137457814255,-5.41626501083374,,,,,105,-10.952464784894671,3.3370093913305374,-0.3603909086613428,,,,0.7024574279785156,0.7022676467895508,1.9876289367675781,Online,false,,,,
1778158983,872531505,1778158983.8725314,,x,3,,-0.9245688306606293,0.37738296338150346,0.05248405777216032,4.171248912811279,,,,,430,2.3675468929978303,-5.381910201283389,0.9355445097005645,,,,6.244705319404602,15.457261323928833,2.715783953666687,Online,false,,,,
1778158983,872531505,1778158983.8725314,,y,44,,-0.5818293581040663,-0.8133066739363175,0.0026176666813295174,-4.028538227081299,,,,,636,-13.214277597343397,4.540469443648116,-0.6887000033971649,,,,4.437389373779297,3.182189464569092,1.454349935054779,Online,false,,,,
1778158983,872531505,1778158983.8725314,,y,33,,-0.6166801897371809,0.7869202301539076,-0.021496394121703028,6.696384429931641,,,,,136,-0.3462899669128306,-8.765785631011514,0.5892589596264503,,,,3.2879586219787598,2.588899612426758,0.9692314267158508,Online,false,,,,
1778158983,872531505,1778158983.8725314,,y,32,,-0.6174610701806728,0.7863429591980032,0.02016376282011251,6.645115852355957,,,,,103,-0.46823309810416214,-8.82928261710602,0.37976526259218607,,,,4.087337493896484,3.2454652786254883,2.2792534828186035,Online,false,,,,
1778158983,872531505,1778158983.8725314,,y,13,,-0.6587524354853785,-0.7513308457555781,0.0393343229036707,-4.829274654388428,,,,,1500,-12.575819960912069,4.327414171695709,-0.22969449734687805,,,,4.101335525512695,3.7332215309143066,2.748507261276245,Online,false,,,,
1778158983,872531505,1778158983.8725314,,y,4,,-0.3713471579100103,-0.9283431737486875,-0.016740372348680664,2.786895275115967,,,,,180,0.42258465157614816,2.8112579663594564,1.3165822989410825,,,,2.7865735292434692,1.1047182083129883,1.2358481884002686,Online,false,,,,
1778158988,873158663,1778158988.8731587,,x,28,,-0.762808730012807,0.6465371165279183,0.010611237817210621,5.492013931274414,,,,,1278,-0.6145434206080549,-9.415686467257277,0.8973518032143374,,,,11.42034387588501,12.69224500656128,2.1143954694271088,Online,false,,,,
1778158988,873158663,1778158988.8731587,,x,23,,0.8037473804956192,-0.5949414554222299,-0.005900251393737177,8.105596542358398,,,,,108,-15.070625993940565,-6.734790903550607,0.04890725568488792,,,,0.9159669876098633,1.2440109252929688,1.931503415107727,Online,false,,,,
1778158988,873158663,1778158988.8731587,,x,17,,-0.7090451368509185,-0.7051342971569358,-0.006373137457814255,-5.41626501083374,,,,,105,-10.952464784894671,3.3370093913305374,-0.3603909086613428,,,,0.7024574279785156,0.7022676467895508,1.9876289367675781,Online,false,,,,
1778158988,873158663,1778158988.8731587,,x,3,,-0.9245688306606293,0.37738296338150346,0.05248405777216032,4.171248912811279,,,,,430,2.3675468929978303,-5.381910201283389,0.9355445097005645,,,,6.244705319404602,15.457261323928833,2.715783953666687,Online,false,,,,
1778158988,873158663,1778158988.8731587,,y,44,,-0.5818293581040663,-0.8133066739363175,0.0026176666813295174,-4.028538227081299,,,,,1184,-13.337142208943495,4.608744375407696,-0.7229279016673162,,,,4.585969924926758,3.182189464569092,1.5373093485832214,Online,false,,,,
1778158988,873158663,1778158988.8731587,,y,33,,-0.6166801897371809,0.7869202301539076,-0.021496394121703028,6.696384429931641,,,,,136,-0.3462899669128306,-8.765785631011514,0.5892589596264503,,,,3.2879586219787598,2.588899612426758,0.9692314267158508,Online,false,,,,
1778158988,873158663,1778158988.8731587,,y,32,,-0.6174610701806728,0.7863429591980032,0.02016376282011251,6.645115852355957,,,,,103,-0.46823309810416214,-8.82928261710602,0.37976526259218607,,,,4.087337493896484,3.2454652786254883,2.2792534828186035,Online,false,,,,
1778158988,873158663,1778158988.8731587,,y,13,,-0.6587524354853785,-0.7513308457555781,0.0393343229036707,-4.829274654388428,,,,,1500,-12.575819960912069,4.327414171695709,-0.22969449734687805,,,,4.101335525512695,3.7332215309143066,2.748507261276245,Online,false,,,,
1778158988,873158663,1778158988.8731587,,y,4,,-0.3713471579100103,-0.9283431737486875,-0.016740372348680664,2.786895275115967,,,,,180,0.42258465157614816,2.8112579663594564,1.3165822989410825,,,,2.7865735292434692,1.1047182083129883,1.2358481884002686,Online,false,,,,
1778158992,473599750,1778158992.4735997,,x,28,,-0.762808730012807,0.6465371165279183,0.010611237817210621,5.492013931274414,,,,,1278,-0.6145434206080549,-9.415686467257277,0.8973518032143374,,,,11.42034387588501,12.69224500656128,2.1143954694271088,Online,false,,,,
1778158992,473599750,1778158992.4735997,,x,23,,0.8037473804956192,-0.5949414554222299,-0.005900251393737177,8.105596542358398,,,,,108,-15.070625993940565,-6.734790903550607,0.04890725568488792,,,,0.9159669876098633,1.2440109252929688,1.931503415107727,Online,false,,,,
1778158992,473599750,1778158992.4735997,,x,17,,-0.7090451368509185,-0.7051342971569358,-0.006373137457814255,-5.41626501083374,,,,,105,-10.952464784894671,3.3370093913305374,-0.3603909086613428,,,,0.7024574279785156,0.7022676467895508,1.9876289367675781,Online,false,,,,
1778158992,473599750,1778158992.4735997,,x,3,,-0.9245688306606293,0.37738296338150346,0.05248405777216032,4.171248912811279,,,,,430,2.3675468929978303,-5.381910201283389,0.9355445097005645,,,,6.244705319404602,15.457261323928833,2.715783953666687,Online,false,,,,
1778158992,473599750,1778158992.4735997,,y,44,,-0.5818293581040663,-0.8133066739363175,0.0026176666813295174,-4.028538227081299,,,,,1560,-13.4183039188385,4.632392558226218,-0.6834133327771456,,,,4.585969924926758,3.216094732284546,1.862480878829956,Online,false,,,,
1778158992,473599750,1778158992.4735997,,y,33,,-0.6166801897371809,0.7869202301539076,-0.021496394121703028,6.696384429931641,,,,,136,-0.3462899669128306,-8.765785631011514,0.5892589596264503,,,,3.2879586219787598,2.588899612426758,0.9692314267158508,Online,false,,,,
1778158992,473599750,1778158992.4735997,,y,32,,-0.6174610701806728,0.7863429591980032,0.02016376282011251,6.645115852355957,,,,,103,-0.46823309810416214,-8.82928261710602,0.37976526259218607,,,,4.087337493896484,3.2454652786254883,2.2792534828186035,Online,false,,,,
1778158992,473599750,1778158992.4735997,,y,13,,-0.6587524354853785,-0.7513308457555781,0.0393343229036707,-4.829274654388428,,,,,1500,-12.575819960912069,4.327414171695709,-0.22969449734687805,,,,4.101335525512695,3.7332215309143066,2.748507261276245,Online,false,,,,
1778158992,473599750,1778158992.4735997,,y,4,,-0.3713471579100103,-0.9283431737486875,-0.016740372348680664,2.786895275115967,,,,,180,0.42258465157614816,2.8112579663594564,1.3165822989410825,,,,2.7865735292434692,1.1047182083129883,1.2358481884002686,Online,false,,,,
1778158992,473599750,1778158992.4735997,,x,28,,-0.762808730012807,0.6465371165279183,0.010611237817210621,5.492013931274414,,,,,1278,-0.6145434206080549,-9.415686467257277,0.8973518032143374,,,,11.42034387588501,12.69224500656128,2.1143954694271088,Online,false,,,,
1778158992,473599750,1778158992.4735997,,x,23,,0.8037473804956192,-0.5949414554222299,-0.005900251393737177,8.105596542358398,,,,,108,-15.070625993940565,-6.734790903550607,0.04890725568488792,,,,0.9159669876098633,1.2440109252929688,1.931503415107727,Online,false,,,,
1778158992,473599750,1778158992.4735997,,x,17,,-0.7090451368509185,-0.7051342971569358,-0.006373137457814255,-5.41626501083374,,,,,105,-10.952464784894671,3.3370093913305374,-0.3603909086613428,,,,0.7024574279785156,0.7022676467895508,1.9876289367675781,Online,false,,,,
1778158992,473599750,1778158992.4735997,,x,3,,-0.9245688306606293,0.37738296338150346,0.05248405777216032,4.171248912811279,,,,,430,2.3675468929978303,-5.381910201283389,0.9355445097005645,,,,6.244705319404602,15.457261323928833,2.715783953666687,Online,false,,,,
1778158992,473599750,1778158992.4735997,,y,44,,-0.5818293581040663,-0.8133066739363175,0.0026176666813295174,-4.028538227081299,,,,,1560,-13.4183039188385,4.632392558226218,-0.6834133327771456,,,,4.585969924926758,3.216094732284546,1.862480878829956,Online,false,,,,
1778158992,473599750,1778158992.4735997,,y,33,,-0.6166801897371809,0.7869202301539076,-0.021496394121703028,6.696384429931641,,,,,136,-0.3462899669128306,-8.765785631011514,0.5892589596264503,,,,3.2879586219787598,2.588899612426758,0.9692314267158508,Online,false,,,,
1778158992,473599750,1778158992.4735997,,y,32,,-0.6174610701806728,0.7863429591980032,0.02016376282011251,6.645115852355957,,,,,103,-0.46823309810416214,-8.82928261710602,0.37976526259218607,,,,4.087337493896484,3.2454652786254883,2.2792534828186035,Online,false,,,,
1778158992,473599750,1778158992.4735997,,y,13,,-0.6587524354853785,-0.7513308457555781,0.0393343229036707,-4.829274654388428,,,,,1500,-12.575819960912069,4.327414171695709,-0.22969449734687805,,,,4.101335525512695,3.7332215309143066,2.748507261276245,Online,false,,,,
1778158992,473599750,1778158992.4735997,,y,4,,-0.3713471579100103,-0.9283431737486875,-0.016740372348680664,2.786895275115967,,,,,180,0.42258465157614816,2.8112579663594564,1.3165822989410825,,,,2.7865735292434692,1.1047182083129883,1.2358481884002686,Online,false,,,,
1778158998,73932296,1778158998.0739324,,x,53,,0.7439180478773466,-0.6682039975155526,-0.009452816860245978,21.84895133972168,,,,,432,-21.146754423777264,9.171167663953922,-0.42555422411748656,,,,2.1488075256347656,2.4018006324768066,1.9192600846290588,Online,false,,,,
1778158998,73932296,1778158998.0739324,,x,28,,-0.762808730012807,0.6465371165279183,0.010611237817210621,5.492013931274414,,,,,1278,-0.6145434206080549,-9.415686467257277,0.8973518032143374,,,,11.42034387588501,12.69224500656128,2.1143954694271088,Online,false,,,,
1778158998,73932296,1778158998.0739324,,x,23,,0.8037473804956192,-0.5949414554222299,-0.005900251393737177,8.105596542358398,,,,,108,-15.070625993940565,-6.734790903550607,0.04890725568488792,,,,0.9159669876098633,1.2440109252929688,1.931503415107727,Online,false,,,,
1778158998,73932296,1778158998.0739324,,x,17,,-0.7090451368509185,-0.7051342971569358,-0.006373137457814255,-5.41626501083374,,,,,105,-10.952464784894671,3.3370093913305374,-0.3603909086613428,,,,0.7024574279785156,0.7022676467895508,1.9876289367675781,Online,false,,,,
1778158998,73932296,1778158998.0739324,,x,3,,-0.9245688306606293,0.37738296338150346,0.05248405777216032,4.171248912811279,,,,,430,2.3675468929978303,-5.381910201283389,0.9355445097005645,,,,6.244705319404602,15.457261323928833,2.715783953666687,Online,false,,,,
1778158998,73932296,1778158998.0739324,,y,44,,-0.5818293581040663,-0.8133066739363175,0.0026176666813295174,-4.028538227081299,,,,,1878,-13.65322107248032,4.687077129483858,-0.6937988794649752,,,,4.866384506225586,3.216094732284546,2.053072512149811,Online,false,,,,
1778158998,73932296,1778158998.0739324,,y,33,,-0.6166801897371809,0.7869202301539076,-0.021496394121703028,6.696384429931641,,,,,136,-0.3462899669128306,-8.765785631011514,0.5892589596264503,,,,3.2879586219787598,2.588899612426758,0.9692314267158508,Online,false,,,,
1778158998,73932296,1778158998.0739324,,y,32,,-0.6174610701806728,0.7863429591980032,0.02016376282011251,6.645115852355957,,,,,103,-0.46823309810416214,-8.82928261710602,0.37976526259218607,,,,4.087337493896484,3.2454652786254883,2.2792534828186035,Online,false,,,,
1778158998,73932296,1778158998.0739324,,y,52,,-0.6739876970992869,-0.7386688108698771,-0.010438965795600712,-3.049866199493408,,,,,290,-17.40109895508865,11.758555991074134,-0.777866148229303,,,,4.845891952514648,4.430574417114258,2.505190074443817,Online,false,,,,
1778158998,73932296,1778158998.0739324,,y,13,,-0.6587524354853785,-0.7513308457555781,0.0393343229036707,-4.829274654388428,,,,,1500,-12.575819960912069,4.327414171695709,-0.22969449734687805,,,,4.101335525512695,3.7332215309143066,2.748507261276245,Online,false,,,,
1778158998,73932296,1778158998.0739324,,y,4,,-0.3713471579100103,-0.9283431737486875,-0.016740372348680664,2.786895275115967,,,,,180,0.42258465157614816,2.8112579663594564,1.3165822989410825,,,,2.7865735292434692,1.1047182083129883,1.2358481884002686,Online,false,,,,
1778158998,73932296,1778158998.0739324,,x,53,,0.7439180478773466,-0.6682039975155526,-0.009452816860245978,21.84895133972168,,,,,432,-21.146754423777264,9.171167663953922,-0.42555422411748656,,,,2.1488075256347656,2.4018006324768066,1.9192600846290588,Online,false,,,,
1778158998,73932296,1778158998.0739324,,x,28,,-0.762808730012807,0.6465371165279183,0.010611237817210621,5.492013931274414,,,,,1278,-0.6145434206080549,-9.415686467257277,0.8973518032143374,,,,11.42034387588501,12.69224500656128,2.1143954694271088,Online,false,,,,
1778158998,73932296,1778158998.0739324,,x,23,,0.8037473804956192,-0.5949414554222299,-0.005900251393737177,8.105596542358398,,,,,108,-15.070625993940565,-6.734790903550607,0.04890725568488792,,,,0.9159669876098633,1.2440109252929688,1.931503415107727,Online,false,,,,
1778158998,73932296,1778158998.0739324,,x,17,,-0.7090451368509185,-0.7051342971569358,-0.006373137457814255,-5.41626501083374,,,,,105,-10.952464784894671,3.3370093913305374,-0.3603909086613428,,,,0.7024574279785156,0.7022676467895508,1.9876289367675781,Online,false,,,,
1778158998,73932296,1778158998.0739324,,x,3,,-0.9245688306606293,0.37738296338150346,0.05248405777216032,4.171248912811279,,,,,430,2.3675468929978303,-5.381910201283389,0.9355445097005645,,,,6.244705319404602,15.457261323928833,2.715783953666687,Online,false,,,,
1778158998,73932296,1778158998.0739324,,y,44,,-0.5818293581040663,-0.8133066739363175,0.0026176666813295174,-4.028538227081299,,,,,1878,-13.65322107248032,4.687077129483858,-0.6937988794649752,,,,4.866384506225586,3.216094732284546,2.053072512149811,Online,false,,,,
1778158998,73932296,1778158998.0739324,,y,33,,-0.6166801897371809,0.7869202301539076,-0.021496394121703028,6.696384429931641,,,,,136,-0.3462899669128306,-8.765785631011514,0.5892589596264503,,,,3.2879586219787598,2.588899612426758,0.9692314267158508,Online,false,,,,
1778158998,73932296,1778158998.0739324,,y,32,,-0.6174610701806728,0.7863429591980032,0.02016376282011251,6.645115852355957,,,,,103,-0.46823309810416214,-8.82928261710602,0.37976526259218607,,,,4.087337493896484,3.2454652786254883,2.2792534828186035,Online,false,,,,
1778158998,73932296,1778158998.0739324,,y,52,,-0.6739876970992869,-0.7386688108698771,-0.010438965795600712,-3.049866199493408,,,,,290,-17.40109895508865,11.758555991074134,-0.777866148229303,,,,4.845891952514648,4.430574417114258,2.505190074443817,Online,false,,,,
1778158998,73932296,1778158998.0739324,,y,13,,-0.6587524354853785,-0.7513308457555781,0.0393343229036707,-4.829274654388428,,,,,1500,-12.575819960912069,4.327414171695709,-0.22969449734687805,,,,4.101335525512695,3.7332215309143066,2.748507261276245,Online,false,,,,
1778158998,73932296,1778158998.0739324,,y,4,,-0.3713471579100103,-0.9283431737486875,-0.016740372348680664,2.786895275115967,,,,,180,0.42258465157614816,2.8112579663594564,1.3165822989410825,,,,2.7865735292434692,1.1047182083129883,1.2358481884002686,Online,false,,,,
1778159004,574114783,1778159004.5741148,,x,53,,0.7439180478773466,-0.6682039975155526,-0.009452816860245978,21.84895133972168,,,,,432,-21.146754423777264,9.171167663953922,-0.42555422411748656,,,,2.1488075256347656,2.4018006324768066,1.9192600846290588,Online,false,,,,
1778159004,574114783,1778159004.5741148,,x,28,,-0.762808730012807,0.6465371165279183,0.010611237817210621,5.492013931274414,,,,,1278,-0.6145434206080549,-9.415686467257277,0.8973518032143374,,,,11.42034387588501,12.69224500656128,2.1143954694271088,Online,false,,,,
1778159004,574114783,1778159004.5741148,,x,23,,0.8037473804956192,-0.5949414554222299,-0.005900251393737177,8.105596542358398,,,,,108,-15.070625993940565,-6.734790903550607,0.04890725568488792,,,,0.9159669876098633,1.2440109252929688,1.931503415107727,Online,false,,,,
1778159004,574114783,1778159004.5741148,,x,17,,-0.7090451368509185,-0.7051342971569358,-0.006373137457814255,-5.41626501083374,,,,,105,-10.952464784894671,3.3370093913305374,-0.3603909086613428,,,,0.7024574279785156,0.7022676467895508,1.9876289367675781,Online,false,,,,
1778159004,574114783,1778159004.5741148,,x,55,,0.9336725067356787,-0.3581063820279484,-0.003933105232137731,23.95698356628418,,,,,148,-22.670057696265143,7.790376292692648,0.09762989044994921,,,,1.1708641052246094,3.0339736938476562,1.1688326597213745,Online,false,,,,
1778159004,574114783,1778159004.5741148,,x,3,,-0.9245688306606293,0.37738296338150346,0.05248405777216032,4.171248912811279,,,,,430,2.3675468929978303,-5.381910201283389,0.9355445097005645,,,,6.244705319404602,15.457261323928833,2.715783953666687,Online,false,,,,
1778159004,574114783,1778159004.5741148,,y,44,,-0.5818293581040663,-0.8133066739363175,0.0026176666813295174,-4.028538227081299,,,,,2291,-13.831462612010569,4.947828830459242,-0.7158626652294661,,,,5.515878677368164,3.9190313816070557,2.236078441143036,Online,false,,,,
1778159004,574114783,1778159004.5741148,,y,33,,-0.6166801897371809,0.7869202301539076,-0.021496394121703028,6.696384429931641,,,,,136,-0.3462899669128306,-8.765785631011514,0.5892589596264503,,,,3.2879586219787598,2.588899612426758,0.9692314267158508,Online,false,,,,
1778159004,574114783,1778159004.5741148,,y,32,,-0.6174610701806728,0.7863429591980032,0.02016376282011251,6.645115852355957,,,,,103,-0.46823309810416214,-8.82928261710602,0.37976526259218607,,,,4.087337493896484,3.2454652786254883,2.2792534828186035,Online,false,,,,
1778159004,574114783,1778159004.5741148,,y,52,,-0.6739876970992869,-0.7386688108698771,-0.010438965795600712,-3.049866199493408,,,,,290,-17.40109895508865,11.758555991074134,-0.777866148229303,,,,4.845891952514648,4.430574417114258,2.505190074443817,Online,false,,,,
1778159004,574114783,1778159004.5741148,,y,13,,-0.6587524354853785,-0.7513308457555781,0.0393343229036707,-4.829274654388428,,,,,1500,-12.575819960912069,4.327414171695709,-0.22969449734687805,,,,4.101335525512695,3.7332215309143066,2.748507261276245,Online,false,,,,
1778159004,574114783,1778159004.5741148,,y,4,,-0.3713471579100103,-0.9283431737486875,-0.016740372348680664,2.786895275115967,,,,,180,0.42258465157614816,2.8112579663594564,1.3165822989410825,,,,2.7865735292434692,1.1047182083129883,1.2358481884002686,Online,false,,,,
1778159006,774343799,1778159006.7743437,,x,53,,0.7439180478773466,-0.6682039975155526,-0.009452816860245978,21.84895133972168,,,,,432,-21.146754423777264,9.171167663953922,-0.42555422411748656,,,,2.1488075256347656,2.4018006324768066,1.9192600846290588,Online,false,,,,
1778159006,774343799,1778159006.7743437,,x,28,,-0.762808730012807,0.6465371165279183,0.010611237817210621,5.492013931274414,,,,,1278,-0.6145434206080549,-9.415686467257277,0.8973518032143374,,,,11.42034387588501,12.69224500656128,2.1143954694271088,Online,false,,,,
1778159006,774343799,1778159006.7743437,,x,23,,0.8037473804956192,-0.5949414554222299,-0.005900251393737177,8.105596542358398,,,,,108,-15.070625993940565,-6.734790903550607,0.04890725568488792,,,,0.9159669876098633,1.2440109252929688,1.931503415107727,Online,false,,,,
1778159006,774343799,1778159006.7743437,,x,17,,-0.7090451368509185,-0.7051342971569358,-0.006373137457814255,-5.41626501083374,,,,,105,-10.952464784894671,3.3370093913305374,-0.3603909086613428,,,,0.7024574279785156,0.7022676467895508,1.9876289367675781,Online,false,,,,
1778159006,774343799,1778159006.7743437,,x,55,,0.9336725067356787,-0.3581063820279484,-0.003933105232137731,23.95698356628418,,,,,148,-22.670057696265143,7.790376292692648,0.09762989044994921,,,,1.1708641052246094,3.0339736938476562,1.1688326597213745,Online,false,,,,
1778159006,774343799,1778159006.7743437,,x,3,,-0.9245688306606293,0.37738296338150346,0.05248405777216032,4.171248912811279,,,,,430,2.3675468929978303,-5.381910201283389,0.9355445097005645,,,,6.244705319404602,15.457261323928833,2.715783953666687,Online,false,,,,
1778159006,774343799,1778159006.7743437,,y,44,,-0.5818293581040663,-0.8133066739363175,0.0026176666813295174,-4.028538227081299,,,,,3040,-13.842584410780354,5.031582724577502,-0.7129156887923417,,,,5.515878677368164,3.9190313816070557,2.5524004101753235,Online,false,,,,
1778159006,774343799,1778159006.7743437,,y,33,,-0.6166801897371809,0.7869202301539076,-0.021496394121703028,6.696384429931641,,,,,136,-0.3462899669128306,-8.765785631011514,0.5892589596264503,,,,3.2879586219787598,2.588899612426758,0.9692314267158508,Online,false,,,,
1778159006,774343799,1778159006.7743437,,y,32,,-0.6174610701806728,0.7863429591980032,0.02016376282011251,6.645115852355957,,,,,103,-0.46823309810416214,-8.82928261710602,0.37976526259218607,,,,4.087337493896484,3.2454652786254883,2.2792534828186035,Online,false,,,,
1778159006,774343799,1778159006.7743437,,y,52,,-0.6739876970992869,-0.7386688108698771,-0.010438965795600712,-3.049866199493408,,,,,290,-17.40109895508865,11.758555991074134,-0.777866148229303,,,,4.845891952514648,4.430574417114258,2.505190074443817,Online,false,,,,
1778159006,774343799,1778159006.7743437,,y,13,,-0.6587524354853785,-0.7513308457555781,0.0393343229036707,-4.829274654388428,,,,,1500,-12.575819960912069,4.327414171695709,-0.22969449734687805,,,,4.101335525512695,3.7332215309143066,2.748507261276245,Online,false,,,,
1778159006,774343799,1778159006.7743437,,y,4,,-0.3713471579100103,-0.9283431737486875,-0.016740372348680664,2.786895275115967,,,,,180,0.42258465157614816,2.8112579663594564,1.3165822989410825,,,,2.7865735292434692,1.1047182083129883,1.2358481884002686,Online,false,,,,
1778159009,972809577,1778159009.9728096,,x,53,,0.7439180478773466,-0.6682039975155526,-0.009452816860245978,21.84895133972168,,,,,432,-21.146754423777264,9.171167663953922,-0.42555422411748656,,,,2.1488075256347656,2.4018006324768066,1.9192600846290588,Online,false,,,,
1778159009,972809577,1778159009.9728096,,x,28,,-0.762808730012807,0.6465371165279183,0.010611237817210621,5.492013931274414,,,,,1278,-0.6145434206080549,-9.415686467257277,0.8973518032143374,,,,11.42034387588501,12.69224500656128,2.1143954694271088,Online,false,,,,
1778159009,972809577,1778159009.9728096,,x,23,,0.8037473804956192,-0.5949414554222299,-0.005900251393737177,8.105596542358398,,,,,108,-15.070625993940565,-6.734790903550607,0.04890725568488792,,,,0.9159669876098633,1.2440109252929688,1.931503415107727,Online,false,,,,
1778159009,972809577,1778159009.9728096,,x,17,,-0.7090451368509185,-0.7051342971569358,-0.006373137457814255,-5.41626501083374,,,,,105,-10.952464784894671,3.3370093913305374,-0.3603909086613428,,,,0.7024574279785156,0.7022676467895508,1.9876289367675781,Online,false,,,,
1778159009,972809577,1778159009.9728096,,x,55,,0.9336725067356787,-0.3581063820279484,-0.003933105232137731,23.95698356628418,,,,,148,-22.670057696265143,7.790376292692648,0.09762989044994921,,,,1.1708641052246094,3.0339736938476562,1.1688326597213745,Online,false,,,,
1778159009,972809577,1778159009.9728096,,x,3,,-0.9245688306606293,0.37738296338150346,0.05248405777216032,4.171248912811279,,,,,430,2.3675468929978303,-5.381910201283389,0.9355445097005645,,,,6.244705319404602,15.457261323928833,2.715783953666687,Online,false,,,,
1778159009,972809577,1778159009.9728096,,y,44,,-0.5818293581040663,-0.8133066739363175,0.0026176666813295174,-4.028538227081299,,,,,3272,-13.81731103072831,5.0099999448489445,-0.7524755409119473,,,,5.515878677368164,3.9190313816070557,2.7941487431526184,Online,false,,,,
1778159009,972809577,1778159009.9728096,,y,59,,-0.6437725861854429,-0.7650388886377933,-0.016503216291272868,-5.072122097015381,,,,,145,-13.505563012484846,4.740598660501941,-0.28531173282656175,,,,3.3257741928100586,2.798170566558838,0.9834157824516296,Online,false,,,,
1778159009,972809577,1778159009.9728096,,y,33,,-0.6166801897371809,0.7869202301539076,-0.021496394121703028,6.696384429931641,,,,,136,-0.3462899669128306,-8.765785631011514,0.5892589596264503,,,,3.2879586219787598,2.588899612426758,0.9692314267158508,Online,false,,,,
1778159009,972809577,1778159009.9728096,,y,32,,-0.6174610701806728,0.7863429591980032,0.02016376282011251,6.645115852355957,,,,,103,-0.46823309810416214,-8.82928261710602,0.37976526259218607,,,,4.087337493896484,3.2454652786254883,2.2792534828186035,Online,false,,,,
1778159009,972809577,1778159009.9728096,,y,52,,-0.6739876970992869,-0.7386688108698771,-0.010438965795600712,-3.049866199493408,,,,,290,-17.40109895508865,11.758555991074134,-0.777866148229303,,,,4.845891952514648,4.430574417114258,2.505190074443817,Online,false,,,,
1778159009,972809577,1778159009.9728096,,y,13,,-0.6587524354853785,-0.7513308457555781,0.0393343229036707,-4.829274654388428,,,,,1500,-12.575819960912069,4.327414171695709,-0.22969449734687805,,,,4.101335525512695,3.7332215309143066,2.748507261276245,Online,false,,,,
1778159009,972809577,1778159009.9728096,,y,4,,-0.3713471579100103,-0.9283431737486875,-0.016740372348680664,2.786895275115967,,,,,180,0.42258465157614816,2.8112579663594564,1.3165822989410825,,,,2.7865735292434692,1.1047182083129883,1.2358481884002686,Online,false,,,,
1778159015,571876212,1778159015.5718763,,x,53,,0.7439180478773466,-0.6682039975155526,-0.009452816860245978,21.84895133972168,,,,,432,-21.146754423777264,9.171167663953922,-0.42555422411748656,,,,2.1488075256347656,2.4018006324768066,1.9192600846290588,Online,false,,,,
1778159015,571876212,1778159015.5718763,,x,28,,-0.762808730012807,0.6465371165279183,0.010611237817210621,5.492013931274414,,,,,1278,-0.6145434206080549,-9.415686467257277,0.8973518032143374,,,,11.42034387588501,12.69224500656128,2.1143954694271088,Online,false,,,,
1778159015,571876212,1778159015.5718763,,x,23,,0.8037473804956192,-0.5949414554222299,-0.005900251393737177,8.105596542358398,,,,,108,-15.070625993940565,-6.734790903550607,0.04890725568488792,,,,0.9159669876098633,1.2440109252929688,1.931503415107727,Online,false,,,,
1778159015,571876212,1778159015.5718763,,x,17,,-0.7090451368509185,-0.7051342971569358,-0.006373137457814255,-5.41626501083374,,,,,105,-10.952464784894671,3.3370093913305374,-0.3603909086613428,,,,0.7024574279785156,0.7022676467895508,1.9876289367675781,Online,false,,,,
1778159015,571876212,1778159015.5718763,,x,55,,0.9336725067356787,-0.3581063820279484,-0.003933105232137731,23.95698356628418,,,,,148,-22.670057696265143,7.790376292692648,0.09762989044994921,,,,1.1708641052246094,3.0339736938476562,1.1688326597213745,Online,false,,,,
1778159015,571876212,1778159015.5718763,,x,3,,-0.9245688306606293,0.37738296338150346,0.05248405777216032,4.171248912811279,,,,,430,2.3675468929978303,-5.381910201283389,0.9355445097005645,,,,6.244705319404602,15.457261323928833,2.715783953666687,Online,false,,,,
1778159015,571876212,1778159015.5718763,,y,62,,-0.5791589592821685,-0.8152124250638643,0.0018978684593328097,-4.086854457855225,,,,,102,-14.98417309218762,5.6339887403974345,-0.22223756389290678,,,,1.7807817459106445,1.251725196838379,2.652245044708252,Online,false,,,,
1778159015,571876212,1778159015.5718763,,y,44,,-0.5818293581040663,-0.8133066739363175,0.0026176666813295174,-4.028538227081299,,,,,3272,-13.81731103072831,5.0099999448489445,-0.7524755409119473,,,,5.515878677368164,3.9190313816070557,2.7941487431526184,Online,false,,,,
1778159015,571876212,1778159015.5718763,,y,59,,-0.6437725861854429,-0.7650388886377933,-0.016503216291272868,-5.072122097015381,,,,,298,-13.592170196891631,4.7238551354248255,-0.6474252632200318,,,,3.3257741928100586,2.798170566558838,2.4924805760383606,Online,false,,,,
1778159015,571876212,1778159015.5718763,,y,33,,-0.6166801897371809,0.7869202301539076,-0.021496394121703028,6.696384429931641,,,,,136,-0.3462899669128306,-8.765785631011514,0.5892589596264503,,,,3.2879586219787598,2.588899612426758,0.9692314267158508,Online,false,,,,
1778159015,571876212,1778159015.5718763,,y,32,,-0.6174610701806728,0.7863429591980032,0.02016376282011251,6.645115852355957,,,,,103,-0.46823309810416214,-8.82928261710602,0.37976526259218607,,,,4.087337493896484,3.2454652786254883,2.2792534828186035,Online,false,,,,
1778159015,571876212,1778159015.5718763,,y,52,,-0.6739876970992869,-0.7386688108698771,-0.010438965795600712,-3.049866199493408,,,,,290,-17.40109895508865,11.758555991074134,-0.777866148229303,,,,4.845891952514648,4.430574417114258,2.505190074443817,Online,false,,,,
1778159015,571876212,1778159015.5718763,,y,13,,-0.6587524354853785,-0.7513308457555781,0.0393343229036707,-4.829274654388428,,,,,1500,-12.575819960912069,4.327414171695709,-0.22969449734687805,,,,4.101335525512695,3.7332215309143066,2.748507261276245,Online,false,,,,
1778159015,571876212,1778159015.5718763,,y,4,,-0.3713471579100103,-0.9283431737486875,-0.016740372348680664,2.786895275115967,,,,,180,0.42258465157614816,2.8112579663594564,1.3165822989410825,,,,2.7865735292434692,1.1047182083129883,1.2358481884002686,Online,false,,,,
1778159015,571876212,1778159015.5718763,,x,53,,0.7439180478773466,-0.6682039975155526,-0.009452816860245978,21.84895133972168,,,,,432,-21.146754423777264,9.171167663953922,-0.42555422411748656,,,,2.1488075256347656,2.4018006324768066,1.9192600846290588,Online,false,,,,
1778159015,571876212,1778159015.5718763,,x,28,,-0.762808730012807,0.6465371165279183,0.010611237817210621,5.492013931274414,,,,,1278,-0.6145434206080549,-9.415686467257277,0.8973518032143374,,,,11.42034387588501,12.69224500656128,2.1143954694271088,Online,false,,,,
1778159015,571876212,1778159015.5718763,,x,23,,0.8037473804956192,-0.5949414554222299,-0.005900251393737177,8.105596542358398,,,,,108,-15.070625993940565,-6.734790903550607,0.04890725568488792,,,,0.9159669876098633,1.2440109252929688,1.931503415107727,Online,false,,,,
1778159015,571876212,1778159015.5718763,,x,17,,-0.7090451368509185,-0.7051342971569358,-0.006373137457814255,-5.41626501083374,,,,,105,-10.952464784894671,3.3370093913305374,-0.3603909086613428,,,,0.7024574279785156,0.7022676467895508,1.9876289367675781,Online,false,,,,
1778159015,571876212,1778159015.5718763,,x,55,,0.9336725067356787,-0.3581063820279484,-0.003933105232137731,23.95698356628418,,,,,148,-22.670057696265143,7.790376292692648,0.09762989044994921,,,,1.1708641052246094,3.0339736938476562,1.1688326597213745,Online,false,,,,
1778159015,571876212,1778159015.5718763,,x,3,,-0.9245688306606293,0.37738296338150346,0.05248405777216032,4.171248912811279,,,,,430,2.3675468929978303,-5.381910201283389,0.9355445097005645,,,,6.244705319404602,15.457261323928833,2.715783953666687,Online,false,,,,
1778159015,571876212,1778159015.5718763,,y,62,,-0.5791589592821685,-0.8152124250638643,0.0018978684593328097,-4.086854457855225,,,,,102,-14.98417309218762,5.6339887403974345,-0.22223756389290678,,,,1.7807817459106445,1.251725196838379,2.652245044708252,Online,false,,,,
1778159015,571876212,1778159015.5718763,,y,44,,-0.5818293581040663,-0.8133066739363175,0.0026176666813295174,-4.028538227081299,,,,,3272,-13.81731103072831,5.0099999448489445,-0.7524755409119473,,,,5.515878677368164,3.9190313816070557,2.7941487431526184,Online,false,,,,
1778159015,571876212,1778159015.5718763,,y,59,,-0.6437725861854429,-0.7650388886377933,-0.016503216291272868,-5.072122097015381,,,,,298,-13.592170196891631,4.7238551354248255,-0.6474252632200318,,,,3.3257741928100586,2.798170566558838,2.4924805760383606,Online,false,,,,
1778159015,571876212,1778159015.5718763,,y,33,,-0.6166801897371809,0.7869202301539076,-0.021496394121703028,6.696384429931641,,,,,136,-0.3462899669128306,-8.765785631011514,0.5892589596264503,,,,3.2879586219787598,2.588899612426758,0.9692314267158508,Online,false,,,,
1778159015,571876212,1778159015.5718763,,y,32,,-0.6174610701806728,0.7863429591980032,0.02016376282011251,6.645115852355957,,,,,103,-0.46823309810416214,-8.82928261710602,0.37976526259218607,,,,4.087337493896484,3.2454652786254883,2.2792534828186035,Online,false,,,,
1778159015,571876212,1778159015.5718763,,y,52,,-0.6739876970992869,-0.7386688108698771,-0.010438965795600712,-3.049866199493408,,,,,290,-17.40109895508865,11.758555991074134,-0.777866148229303,,,,4.845891952514648,4.430574417114258,2.505190074443817,Online,false,,,,
1778159015,571876212,1778159015.5718763,,y,13,,-0.6587524354853785,-0.7513308457555781,0.0393343229036707,-4.829274654388428,,,,,1500,-12.575819960912069,4.327414171695709,-0.22969449734687805,,,,4.101335525512695,3.7332215309143066,2.748507261276245,Online,false,,,,
1778159015,571876212,1778159015.5718763,,y,4,,-0.3713471579100103,-0.9283431737486875,-0.016740372348680664,2.786895275115967,,,,,180,0.42258465157614816,2.8112579663594564,1.3165822989410825,,,,2.7865735292434692,1.1047182083129883,1.2358481884002686,Online,false,,,,
1778159015,571876212,1778159015.5718763,,x,53,,0.7439180478773466,-0.6682039975155526,-0.009452816860245978,21.84895133972168,,,,,432,-21.146754423777264,9.171167663953922,-0.42555422411748656,,,,2.1488075256347656,2.4018006324768066,1.9192600846290588,Online,false,,,,
1778159015,571876212,1778159015.5718763,,x,28,,-0.762808730012807,0.6465371165279183,0.010611237817210621,5.492013931274414,,,,,1278,-0.6145434206080549,-9.415686467257277,0.8973518032143374,,,,11.42034387588501,12.69224500656128,2.1143954694271088,Online,false,,,,
1778159015,571876212,1778159015.5718763,,x,23,,0.8037473804956192,-0.5949414554222299,-0.005900251393737177,8.105596542358398,,,,,108,-15.070625993940565,-6.734790903550607,0.04890725568488792,,,,0.9159669876098633,1.2440109252929688,1.931503415107727,Online,false,,,,
1778159015,571876212,1778159015.5718763,,x,17,,-0.7090451368509185,-0.7051342971569358,-0.006373137457814255,-5.41626501083374,,,,,105,-10.952464784894671,3.3370093913305374,-0.3603909086613428,,,,0.7024574279785156,0.7022676467895508,1.9876289367675781,Online,false,,,,
1778159015,571876212,1778159015.5718763,,x,55,,0.9336725067356787,-0.3581063820279484,-0.003933105232137731,23.95698356628418,,,,,148,-22.670057696265143,7.790376292692648,0.09762989044994921,,,,1.1708641052246094,3.0339736938476562,1.1688326597213745,Online,false,,,,
1778159015,571876212,1778159015.5718763,,x,3,,-0.9245688306606293,0.37738296338150346,0.05248405777216032,4.171248912811279,,,,,430,2.3675468929978303,-5.381910201283389,0.9355445097005645,,,,6.244705319404602,15.457261323928833,2.715783953666687,Online,false,,,,
1778159015,571876212,1778159015.5718763,,y,62,,-0.5791589592821685,-0.8152124250638643,0.0018978684593328097,-4.086854457855225,,,,,102,-14.98417309218762,5.6339887403974345,-0.22223756389290678,,,,1.7807817459106445,1.251725196838379,2.652245044708252,Online,false,,,,
1778159015,571876212,1778159015.5718763,,y,44,,-0.5818293581040663,-0.8133066739363175,0.0026176666813295174,-4.028538227081299,,,,,3272,-13.81731103072831,5.0099999448489445,-0.7524755409119473,,,,5.515878677368164,3.9190313816070557,2.7941487431526184,Online,false,,,,
1778159015,571876212,1778159015.5718763,,y,59,,-0.6437725861854429,-0.7650388886377933,-0.016503216291272868,-5.072122097015381,,,,,298,-13.592170196891631,4.7238551354248255,-0.6474252632200318,,,,3.3257741928100586,2.798170566558838,2.4924805760383606,Online,false,,,,
1778159015,571876212,1778159015.5718763,,y,33,,-0.6166801897371809,0.7869202301539076,-0.021496394121703028,6.696384429931641,,,,,136,-0.3462899669128306,-8.765785631011514,0.5892589596264503,,,,3.2879586219787598,2.588899612426758,0.9692314267158508,Online,false,,,,
1778159015,571876212,1778159015.5718763,,y,32,,-0.6174610701806728,0.7863429591980032,0.02016376282011251,6.645115852355957,,,,,103,-0.46823309810416214,-8.82928261710602,0.37976526259218607,,,,4.087337493896484,3.2454652786254883,2.2792534828186035,Online,false,,,,
1778159015,571876212,1778159015.5718763,,y,52,,-0.6739876970992869,-0.7386688108698771,-0.010438965795600712,-3.049866199493408,,,,,290,-17.40109895508865,11.758555991074134,-0.777866148229303,,,,4.845891952514648,4.430574417114258,2.505190074443817,Online,false,,,,
1778159015,571876212,1778159015.5718763,,y,13,,-0.6587524354853785,-0.7513308457555781,0.0393343229036707,-4.829274654388428,,,,,1500,-12.575819960912069,4.327414171695709,-0.22969449734687805,,,,4.101335525512695,3.7332215309143066,2.748507261276245,Online,false,,,,
1778159015,571876212,1778159015.5718763,,y,4,,-0.3713471579100103,-0.9283431737486875,-0.016740372348680664,2.786895275115967,,,,,180,0.42258465157614816,2.8112579663594564,1.3165822989410825,,,,2.7865735292434692,1.1047182083129883,1.2358481884002686,Online,false,,,,
